descricao_defeito_reclamado,descricao_defeito_constatado_diagnostico,descricao_defeito_constatado_ref
SEM_INFORMACAO,Sem Condicões de manut. no local,Sem Condicões de manut. no local
SEM_INFORMACAO,Sem Condicões de manut. no local,Sem Condicões de manut. no local
SEM_INFORMACAO,Sem Condicões de manut. no local,Sem Condicões de manut. no local
SEM_INFORMACAO,Sem Condicões de manut. no local,Sem Condicões de manut. no local
SEM_INFORMACAO,Sem Condicões de manut. no local,Sem Condicões de manut. no local
SEM_INFORMACAO,Sem Condicões de manut. no local,Sem Condicões de manut. no local
SEM_INFORMACAO,Sem Condicões de manut. no local,Sem Condicões de manut. no local
SEM_INFORMACAO,Sem Condicões de manut. no local,Sem Condicões de manut. no local
SEM_INFORMACAO,Sem Condicões de manut. no local,Sem Condicões de manut. no local
SEM_INFORMACAO,Sem Condicões de manut. no local,Sem Condicões de manut. no local
SEM_INFORMACAO,Sem Condicões de manut. no local,Sem Condicões de manut. no local
SEM_INFORMACAO,Sem Condicões de manut. no local,Sem Condicões de manut. no local
SEM_INFORMACAO,Sem Condicões de manut. no local,Sem Condicões de manut. no local
SEM_INFORMACAO,Sem Condicões de manut. no local,Sem Condicões de manut. no local
SEM_INFORMACAO,Sem Condicões de manut. no local,Sem Condicões de manut. no local
SEM_INFORMACAO,Sem Condicões de manut. no local,Sem Condicões de manut. no local
Não gela,Sem Condicões de manut. no local,Sem Condicões de manut. no local
Outros,Sem Condicões de manut. no local,Sem Condicões de manut. no local
Troca - Retirada,Sem Condicões de manut. no local,Sem Condicões de manut. no local
SEM_INFORMACAO,Vibração na carcaça,Vibração na carcaça
SEM_INFORMACAO,Vibração na carcaça,Vibração na carcaça
SEM_INFORMACAO,Vibração na carcaça,Vibração na carcaça
SEM_INFORMACAO,Vibração na carcaça,Vibração na carcaça
SEM_INFORMACAO,Vibração na carcaça,Vibração na carcaça
Não gela,Vibração na carcaça,Vibração na carcaça
SEM_INFORMACAO,Vazamento de gás refrigerante,Vazamento de gás refrigerante
SEM_INFORMACAO,Vazamento de gás refrigerante,Vazamento de gás refrigerante SEM_INFORMACAO,Vazamento de gás refrigerante,Vazamento de gás refrigerante
SEM_INFORMACAO,Vazamento de gás refrigerante,Vazamento de gás refrigerante
SEM_INFORMACAO,Vazamento de gás refrigerante,Vazamento de gás refrigerante
SEM_INFORMACAO,Vazamento de gás refrigerante,Vazamento de gás refrigerante
SEM_INFORMACAO,Vazamento de gás refrigerante,Vazamento de gás refrigerante
SEM_INFORMACAO,Vazamento de gás refrigerante,Vazamento de gás refrigerante
SEM_INFORMACAO,Vazamento de gás refrigerante,Vazamento de gás refrigerante
SEM_INFORMACAO,Vazamento de gás refrigerante,Vazamento de gás refrigerante
SEM_INFORMACAO,Vazamento de gás refrigerante,Vazamento de gás refrigerante
Não gela,Vazamento de gás refrigerante,Vazamento de gás refrigerante
Não gela,Vazamento de gás refrigerante,Vazamento de gás refrigerante
SEM_INFORMACAO,Unidade de refrigeração sem gás,Unidade de refrigeração sem gás
SEM_INFORMACAO,Unidade de refrigeração sem gás,Unidade de refrigeração sem gás
SEM_INFORMACAO,Unidade de refrigeração sem gás,Unidade de refrigeração sem gás
SEM_INFORMACAO,Unidade de refrigeração sem gás,Unidade de refrigeração sem gás
SEM_INFORMACAO,Unidade de refrigeração sem gás,Unidade de refrigeração sem gás
SEM_INFORMACAO,Unidade de refrigeração sem gás,Unidade de refrigeração sem gás
SEM_INFORMACAO,Unidade de refrigeração sem gás,Unidade de refrigeração sem gás
SEM_INFORMACAO,Unidade de refrigeração sem gás,Unidade de refrigeração sem gás
SEM_INFORMACAO,Unidade de refrigeração sem gás,Unidade de refrigeração sem gás
Não gela,Unidade de refrigeração sem gás,Unidade de refrigeração sem gás
SEM_INFORMACAO,Transformador queimado,Transformador queimado
SEM_INFORMACAO,Transformador queimado,Transformador queimado
SEM_INFORMACAO,Transformador queimado,Transformador queimado
SEM_INFORMACAO,Transformador queimado,Transformador queimado
SEM_INFORMACAO,Transformador queimado,Transformador queimado
SEM_INFORMACAO,Transformador queimado,Transformador queimado
SEM_INFORMACAO,Transformador queimado,Transformador queimado
SEM_INFORMACAO,Transformador queimado,Transformador queimado
SEM_INFORMACAO,Transformador queimado,Transformador queimado
SEM_INFORMACAO,Transformador queimado,Transformador queimado
SEM_INFORMACAO,Transformador queimado,Transformador queimado
SEM_INFORMACAO,Transformador queimado,Transformador queimado
SEM_INFORMACAO,Transformador queimado,Transformador queimado
Não gela,Transformador queimado,Transformador queimado
SEM_INFORMACAO,Transformador queimado,Transformador queimado
SEM_INFORMACAO,Tomada desligada,Tomada desligada
SEM_INFORMACAO,Tomada desligada,Tomada desligada
SEM_INFORMACAO,Tomada desligada,Tomada desligada
SEM_INFORMACAO,Tomada desligada,Tomada desligada
SEM_INFORMACAO,Tomada desligada,Tomada desligada
SEM_INFORMACAO,Tomada desligada,Tomada desligada
Não gela,Tomada desligada,Tomada desligada
SEM_INFORMACAO,Tomada com defeito,Tomada com defeito
SEM_INFORMACAO,Tomada com defeito,Tomada com defeito
SEM_INFORMACAO,Tomada com defeito,Tomada com defeito
SEM_INFORMACAO,Tomada com defeito,Tomada com defeito
SEM_INFORMACAO,Tomada com defeito,Tomada com defeito
SEM_INFORMACAO,Tomada com defeito,Tomada com defeito
SEM_INFORMACAO,Tomada com defeito,Tomada com defeito
SEM_INFORMACAO,Tomada com defeito,Tomada com defeito
SEM_INFORMACAO,Tomada com defeito,Tomada com defeito
SEM_INFORMACAO,Tomada com defeito,Tomada com defeito
SEM_INFORMACAO,Tomada com defeito,Tomada com defeito
Não gela,Tomada com defeito,Tomada com defeito
Outros,Tomada com defeito,Tomada com defeito
SEM_INFORMACAO,Termostato com defeito,Termostato com defeito
SEM_INFORMACAO,Termostato com defeito,Termostato com defeito
SEM_INFORMACAO,Termostato com defeito,Termostato com defeito
SEM_INFORMACAO,Termostato com defeito,Termostato com defeito
SEM_INFORMACAO,Termostato com defeito,Termostato com defeito
SEM_INFORMACAO,Termostato com defeito,Termostato com defeito
SEM_INFORMACAO,Termostato com defeito,Termostato com defeito
SEM_INFORMACAO,Termostato com defeito,Termostato com defeito
SEM_INFORMACAO,Termostato com defeito,Termostato com defeito
SEM_INFORMACAO,Termostato com defeito,Termostato com defeito
SEM_INFORMACAO,Termostato com defeito,Termostato com defeito
SEM_INFORMACAO,Termostato com defeito,Termostato com defeito
SEM_INFORMACAO,Termostato com defeito,Termostato com defeito
SEM_INFORMACAO,Termostato com defeito,Termostato com defeito
SEM_INFORMACAO,Termostato com defeito,Termostato com defeito
SEM_INFORMACAO,Termostato com defeito,Termostato com defeito
Não gela,Termostato com defeito,Termostato com defeito
SEM_INFORMACAO,Start queimado,Start queimado
SEM_INFORMACAO,Start queimado,Start queimado
SEM_INFORMACAO,Start queimado,Start queimado
SEM_INFORMACAO,Start queimado,Start queimado
SEM_INFORMACAO,Start queimado,Start queimado
Não gela,Start queimado,Start queimado
SEM_INFORMACAO,Sensor de temperatura c/defeito,Sensor de temperatura c/defeito
SEM_INFORMACAO,Sensor de temperatura c/defeito,Sensor de temperatura c/defeito
SEM_INFORMACAO,Sensor de temperatura c/defeito,Sensor de temperatura c/defeito
SEM_INFORMACAO,Sensor de temperatura c/defeito,Sensor de temperatura c/defeito
SEM_INFORMACAO,Sensor de temperatura c/defeito,Sensor de temperatura c/defeito
SEM_INFORMACAO,Sensor de temperatura c/defeito,Sensor de temperatura c/defeito
SEM_INFORMACAO,Sensor de temperatura c/defeito,Sensor de temperatura c/defeito
SEM_INFORMACAO,Sensor de temperatura c/defeito,Sensor de temperatura c/defeito
SEM_INFORMACAO,Sensor de temperatura c/defeito,Sensor de temperatura c/defeito
SEM_INFORMACAO,Sensor de temperatura c/defeito,Sensor de temperatura c/defeito
SEM_INFORMACAO,Sensor de temperatura c/defeito,Sensor de temperatura c/defeito
SEM_INFORMACAO,Sensor de temperatura c/defeito,Sensor de temperatura c/defeito
SEM_INFORMACAO,Sensor de temperatura c/defeito,Sensor de temperatura c/defeito
Não gela,Sensor de temperatura c/defeito,Sensor de temperatura c/defeito
SEM_INFORMACAO,Sensor de temperatura c/defeito,Sensor de temperatura c/defeito
Não gela,Sensor de temperatura c/defeito,Sensor de temperatura c/defeito
SEM_INFORMACAO,Reservatório de água cheio,Reservatório de água cheio
SEM_INFORMACAO,Reservatório de água cheio,Reservatório de água cheio
SEM_INFORMACAO,Reservatório de água cheio,Reservatório de água cheio
SEM_INFORMACAO,Reservatório de água cheio,Reservatório de água cheio
SEM_INFORMACAO,Reservatório de água cheio,Reservatório de água cheio
SEM_INFORMACAO,Reservatório de água cheio,Reservatório de água cheio
SEM_INFORMACAO,Reservatório de água cheio,Reservatório de água cheio
SEM_INFORMACAO,Reservatório de água cheio,Reservatório de água cheio
SEM_INFORMACAO,Reservatório de água cheio,Reservatório de água cheio
SEM_INFORMACAO,Reservatório de água cheio,Reservatório de água cheio
SEM_INFORMACAO,Reservatório de água cheio,Reservatório de água cheio
SEM_INFORMACAO,Reservatório de água cheio,Reservatório de água cheio
SEM_INFORMACAO,Reservatório de água cheio,Reservatório de água cheio
SEM_INFORMACAO,Reservatório de água cheio,Reservatório de água cheio
SEM_INFORMACAO,Reservatório de água cheio,Reservatório de água cheio
SEM_INFORMACAO,Reservatório de água cheio,Reservatório de água cheio
Não gela,Reservatório de água cheio,Reservatório de água cheio
Não gela,Reservatório de água cheio,Reservatório de água cheio
SEM_INFORMACAO,Relé queimado,Relé queimado
SEM_INFORMACAO,Relé queimado,Relé queimado
SEM_INFORMACAO,Relé queimado,Relé queimado
SEM_INFORMACAO,Relé queimado,Relé queimado
SEM_INFORMACAO,Relé queimado,Relé queimado
SEM_INFORMACAO,Relé queimado,Relé queimado
Não gela,Relé queimado,Relé queimado
Não gela,Relé queimado,Relé queimado
SEM_INFORMACAO,Reator queimado,Reator queimado
SEM_INFORMACAO,Reator queimado,Reator queimado
SEM_INFORMACAO,Reator queimado,Reator queimado
SEM_INFORMACAO,Reator queimado,Reator queimado
SEM_INFORMACAO,Reator queimado,Reator queimado
SEM_INFORMACAO,Reator queimado,Reator queimado
SEM_INFORMACAO,Reator queimado,Reator queimado
SEM_INFORMACAO,Reator queimado,Reator queimado
Não gela,Reator queimado,Reator queimado
SEM_INFORMACAO,Reator queimado,Reator queimado
SEM_INFORMACAO,Puxador quebrado,Puxador quebrado
SEM_INFORMACAO,Puxador quebrado,Puxador quebrado
SEM_INFORMACAO,Puxador quebrado,Puxador quebrado
SEM_INFORMACAO,Puxador quebrado,Puxador quebrado
SEM_INFORMACAO,Puxador quebrado,Puxador quebrado
SEM_INFORMACAO,Puxador quebrado,Puxador quebrado
SEM_INFORMACAO,Puxador quebrado,Puxador quebrado
Não gela,Puxador quebrado,Puxador quebrado
SEM_INFORMACAO,Puxador quebrado,Puxador quebrado
SEM_INFORMACAO,Protetor térmico com defeito,Protetor térmico com defeito
SEM_INFORMACAO,Protetor térmico com defeito,Protetor térmico com defeito
SEM_INFORMACAO,Protetor térmico com defeito,Protetor térmico com defeito
SEM_INFORMACAO,Protetor térmico com defeito,Protetor térmico com defeito
SEM_INFORMACAO,Protetor térmico com defeito,Protetor térmico com defeito
SEM_INFORMACAO,Protetor térmico com defeito,Protetor térmico com defeito
Não gela,Protetor térmico com defeito,Protetor térmico com defeito
SEM_INFORMACAO,Protetor de lâmpada quebrado,Protetor de lâmpada quebrado
SEM_INFORMACAO,Protetor de lâmpada quebrado,Protetor de lâmpada quebrado
SEM_INFORMACAO,Protetor de lâmpada quebrado,Protetor de lâmpada quebrado
SEM_INFORMACAO,Protetor de lâmpada quebrado,Protetor de lâmpada quebrado
SEM_INFORMACAO,Protetor de lâmpada quebrado,Protetor de lâmpada quebrado
SEM_INFORMACAO,Protetor de lâmpada quebrado,Protetor de lâmpada quebrado
SEM_INFORMACAO,Protetor de lâmpada quebrado,Protetor de lâmpada quebrado
Não gela,Protetor de lâmpada quebrado,Protetor de lâmpada quebrado
SEM_INFORMACAO,Protetor de lâmpada quebrado,Protetor de lâmpada quebrado
SEM_INFORMACAO,Porta com defeito,Porta com defeito
SEM_INFORMACAO,Porta com defeito,Porta com defeito
SEM_INFORMACAO,Porta com defeito,Porta com defeito
SEM_INFORMACAO,Porta com defeito,Porta com defeito
SEM_INFORMACAO,Porta com defeito,Porta com defeito
SEM_INFORMACAO,Porta com defeito,Porta com defeito
SEM_INFORMACAO,Porta com defeito,Porta com defeito
SEM_INFORMACAO,Porta com defeito,Porta com defeito
SEM_INFORMACAO,Porta com defeito,Porta com defeito
SEM_INFORMACAO,Porta com defeito,Porta com defeito
SEM_INFORMACAO,Porta com defeito,Porta com defeito
SEM_INFORMACAO,Porta com defeito,Porta com defeito
SEM_INFORMACAO,Porta com defeito,Porta com defeito
SEM_INFORMACAO,Porta com defeito,Porta com defeito
SEM_INFORMACAO,Porta com defeito,Porta com defeito
Não gela,Porta com defeito,Porta com defeito
Porta com defeito,Porta com defeito,Porta com defeito
SEM_INFORMACAO,Porta com defeito,Porta com defeito
SEM_INFORMACAO,Motor evaporador com defeito,Motor evaporador com defeito
SEM_INFORMACAO,Motor evaporador com defeito,Motor evaporador com defeito
SEM_INFORMACAO,Motor evaporador com defeito,Motor evaporador com defeito
SEM_INFORMACAO,Motor evaporador com defeito,Motor evaporador com defeito
SEM_INFORMACAO,Motor evaporador com defeito,Motor evaporador com defeito
SEM_INFORMACAO,Motor evaporador com defeito,Motor evaporador com defeito
SEM_INFORMACAO,Motor evaporador com defeito,Motor evaporador com defeito
SEM_INFORMACAO,Motor evaporador com defeito,Motor evaporador com defeito
SEM_INFORMACAO,Motor evaporador com defeito,Motor evaporador com defeito
SEM_INFORMACAO,Motor evaporador com defeito,Motor evaporador com defeito
SEM_INFORMACAO,Motor evaporador com defeito,Motor evaporador com defeito
SEM_INFORMACAO,Motor evaporador com defeito,Motor evaporador com defeito
SEM_INFORMACAO,Motor evaporador com defeito,Motor evaporador com defeito
SEM_INFORMACAO,Motor evaporador com defeito,Motor evaporador com defeito
Não gela,Motor evaporador com defeito,Motor evaporador com defeito
SEM_INFORMACAO,Motor evaporador com defeito,Motor evaporador com defeito
SEM_INFORMACAO,Motor do condensador com defeito,Motor do condensador com defeito
SEM_INFORMACAO,Motor do condensador com defeito,Motor do condensador com defeito
SEM_INFORMACAO,Motor do condensador com defeito,Motor do condensador com defeito
SEM_INFORMACAO,Motor do condensador com defeito,Motor do condensador com defeito
SEM_INFORMACAO,Motor do condensador com defeito,Motor do condensador com defeito
SEM_INFORMACAO,Motor do condensador com defeito,Motor do condensador com defeito
SEM_INFORMACAO,Motor do condensador com defeito,Motor do condensador com defeito
SEM_INFORMACAO,Motor do condensador com defeito,Motor do condensador com defeito
SEM_INFORMACAO,Motor do condensador com defeito,Motor do condensador com defeito
SEM_INFORMACAO,Motor do condensador com defeito,Motor do condensador com defeito
SEM_INFORMACAO,Motor do condensador com defeito,Motor do condensador com defeito
SEM_INFORMACAO,Motor do condensador com defeito,Motor do condensador com defeito
Não gela,Motor do condensador com defeito,Motor do condensador com defeito
SEM_INFORMACAO,Fonte de led queimado,Fonte de led queimado
SEM_INFORMACAO,Fonte de led queimado,Fonte de led queimado
SEM_INFORMACAO,Fonte de led queimado,Fonte de led queimado
SEM_INFORMACAO,Fonte de led queimado,Fonte de led queimado
SEM_INFORMACAO,Fonte de led queimado,Fonte de led queimado
SEM_INFORMACAO,Fonte de led queimado,Fonte de led queimado
SEM_INFORMACAO,Fonte de led queimado,Fonte de led queimado
SEM_INFORMACAO,Fonte de led queimado,Fonte de led queimado
SEM_INFORMACAO,Fonte de led queimado,Fonte de led queimado
SEM_INFORMACAO,Fonte de led queimado,Fonte de led queimado
SEM_INFORMACAO,Fonte de led queimado,Fonte de led queimado
SEM_INFORMACAO,Fonte de led queimado,Fonte de led queimado
SEM_INFORMACAO,Fonte de led queimado,Fonte de led queimado
SEM_INFORMACAO,Fonte de led queimado,Fonte de led queimado
SEM_INFORMACAO,Fonte de led queimado,Fonte de led queimado
SEM_INFORMACAO,Fonte de led queimado,Fonte de led queimado
SEM_INFORMACAO,Fonte de led queimado,Fonte de led queimado
SEM_INFORMACAO,Fonte de led queimado,Fonte de led queimado
SEM_INFORMACAO,Fonte de led queimado,Fonte de led queimado
SEM_INFORMACAO,Fonte de led queimado,Fonte de led queimado
Não gela,Fonte de led queimado,Fonte de led queimado
Lâmpada não acende,Fonte de led queimado,Fonte de led queimado
SEM_INFORMACAO,Fonte de led queimado,Fonte de led queimado
Não gela,Fonte de led queimado,Fonte de led queimado
Lâmpada não acende,Fonte de led queimado,Fonte de led queimado
Led queimado,Fonte de led queimado,Fonte de led queimado
SEM_INFORMACAO,Grade quebrada,Grade quebrada
SEM_INFORMACAO,Grade quebrada,Grade quebrada
SEM_INFORMACAO,Grade quebrada,Grade quebrada
SEM_INFORMACAO,Grade quebrada,Grade quebrada
SEM_INFORMACAO,Grade quebrada,Grade quebrada
Grades enferrujadas quebradas faltantes,Grade quebrada,Grade quebrada
Não gela,Grade quebrada,Grade quebrada
SEM_INFORMACAO,Grade quebrada,Grade quebrada
Grades enferrujadas quebradas faltantes,Grade quebrada,Grade quebrada
Painel quebrado,Grade quebrada,Grade quebrada
Painel quebrado,Grade quebrada,Grade quebrada
SEM_INFORMACAO,Gaxeta danificada,Gaxeta danificada
SEM_INFORMACAO,Gaxeta danificada,Gaxeta danificada
SEM_INFORMACAO,Gaxeta danificada,Gaxeta danificada
SEM_INFORMACAO,Gaxeta danificada,Gaxeta danificada
SEM_INFORMACAO,Gaxeta danificada,Gaxeta danificada
SEM_INFORMACAO,Gaxeta danificada,Gaxeta danificada
SEM_INFORMACAO,Gaxeta danificada,Gaxeta danificada
SEM_INFORMACAO,Gaxeta danificada,Gaxeta danificada
Borracha não veda,Gaxeta danificada,Gaxeta danificada
SEM_INFORMACAO,Gaxeta danificada,Gaxeta danificada
SEM_INFORMACAO,Gabinete empenado,DESCRICAO_NAO_ENCONTRADA
SEM_INFORMACAO,Gabinete empenado,DESCRICAO_NAO_ENCONTRADA
SEM_INFORMACAO,Gabinete empenado,DESCRICAO_NAO_ENCONTRADA
SEM_INFORMACAO,Gabinete empenado,DESCRICAO_NAO_ENCONTRADA
SEM_INFORMACAO,Gabinete empenado,DESCRICAO_NAO_ENCONTRADA
SEM_INFORMACAO,Gabinete empenado,DESCRICAO_NAO_ENCONTRADA
SEM_INFORMACAO,Gabinete empenado,DESCRICAO_NAO_ENCONTRADA
SEM_INFORMACAO,Gabinete empenado,DESCRICAO_NAO_ENCONTRADA
SEM_INFORMACAO,Gabinete empenado,DESCRICAO_NAO_ENCONTRADA
SEM_INFORMACAO,Gabinete empenado,DESCRICAO_NAO_ENCONTRADA
Não gela,Gabinete empenado,DESCRICAO_NAO_ENCONTRADA
SEM_INFORMACAO,Gabinete empenado,DESCRICAO_NAO_ENCONTRADA
SEM_INFORMACAO,Fusível queimado,Fusível queimado
SEM_INFORMACAO,Fusível queimado,Fusível queimado
SEM_INFORMACAO,Fusível queimado,Fusível queimado
SEM_INFORMACAO,Fusível queimado,Fusível queimado
SEM_INFORMACAO,Fusível queimado,Fusível queimado
SEM_INFORMACAO,Fusível queimado,Fusível queimado
SEM_INFORMACAO,Fusível queimado,Fusível queimado
SEM_INFORMACAO,Fusível queimado,Fusível queimado
SEM_INFORMACAO,Fusível queimado,Fusível queimado
SEM_INFORMACAO,Fusível queimado,Fusível queimado
SEM_INFORMACAO,Fusível queimado,Fusível queimado
SEM_INFORMACAO,Fusível queimado,Fusível queimado
SEM_INFORMACAO,Fusível queimado,Fusível queimado
SEM_INFORMACAO,Fusível queimado,Fusível queimado
Não gela,Fusível queimado,Fusível queimado
SEM_INFORMACAO,Filtro secador obstruído,Filtro secador obstruído
SEM_INFORMACAO,Filtro secador obstruído,Filtro secador obstruído
SEM_INFORMACAO,Filtro secador obstruído,Filtro secador obstruído
SEM_INFORMACAO,Filtro secador obstruído,Filtro secador obstruído
SEM_INFORMACAO,Filtro secador obstruído,Filtro secador obstruído
SEM_INFORMACAO,Filtro secador obstruído,Filtro secador obstruído
SEM_INFORMACAO,Filtro secador obstruído,Filtro secador obstruído
SEM_INFORMACAO,Filtro secador obstruído,Filtro secador obstruído
Não gela,Filtro secador obstruído,Filtro secador obstruído
Não gela,Filtro secador obstruído,Filtro secador obstruído
SEM_INFORMACAO,Falta prateleira,Falta prateleira
SEM_INFORMACAO,Falta prateleira,Falta prateleira
SEM_INFORMACAO,Falta prateleira,Falta prateleira
SEM_INFORMACAO,Falta prateleira,Falta prateleira
SEM_INFORMACAO,Falta prateleira,Falta prateleira
SEM_INFORMACAO,Falta prateleira,Falta prateleira
SEM_INFORMACAO,Falta prateleira,Falta prateleira
SEM_INFORMACAO,Falta prateleira,Falta prateleira
Não gela,Falta prateleira,Falta prateleira
Não gela,Falta prateleira,Falta prateleira
SEM_INFORMACAO,Motor forçador sem lubrificação,Motor forçador sem lubrificação
SEM_INFORMACAO,Motor forçador sem lubrificação,Motor forçador sem lubrificação
SEM_INFORMACAO,Motor forçador sem lubrificação,Motor forçador sem lubrificação
SEM_INFORMACAO,Motor forçador sem lubrificação,Motor forçador sem lubrificação
SEM_INFORMACAO,Motor forçador sem lubrificação,Motor forçador sem lubrificação
SEM_INFORMACAO,Motor forçador sem lubrificação,Motor forçador sem lubrificação
Não gela,Motor forçador sem lubrificação,Motor forçador sem lubrificação
SEM_INFORMACAO,Falta de energia,Falta de energia
SEM_INFORMACAO,Falta de energia,Falta de energia
SEM_INFORMACAO,Falta de energia,Falta de energia
SEM_INFORMACAO,Falta de energia,Falta de energia
SEM_INFORMACAO,Falta de energia,Falta de energia
SEM_INFORMACAO,Falta de energia,Falta de energia
SEM_INFORMACAO,Falta de energia,Falta de energia
SEM_INFORMACAO,Falta de energia,Falta de energia
SEM_INFORMACAO,Falta de energia,Falta de energia
SEM_INFORMACAO,Falta de energia,Falta de energia
SEM_INFORMACAO,Falta de energia,Falta de energia
SEM_INFORMACAO,Falta de energia,Falta de energia
Outros,Falta de energia,Falta de energia
Não gela,Falta de energia,Falta de energia
SEM_INFORMACAO,Equipamento não tem problemas,Equipamento não tem problemas
SEM_INFORMACAO,Equipamento não tem problemas,Equipamento não tem problemas
SEM_INFORMACAO,Equipamento não tem problemas,Equipamento não tem problemas
SEM_INFORMACAO,Equipamento não tem problemas,Equipamento não tem problemas
SEM_INFORMACAO,Equipamento não tem problemas,Equipamento não tem problemas
SEM_INFORMACAO,Equipamento não tem problemas,Equipamento não tem problemas
SEM_INFORMACAO,Equipamento não tem problemas,Equipamento não tem problemas
SEM_INFORMACAO,Equipamento não tem problemas,Equipamento não tem problemas
SEM_INFORMACAO,Equipamento não tem problemas,Equipamento não tem problemas
SEM_INFORMACAO,Equipamento não tem problemas,Equipamento não tem problemas
SEM_INFORMACAO,Equipamento não tem problemas,Equipamento não tem problemas
SEM_INFORMACAO,Equipamento não tem problemas,Equipamento não tem problemas
SEM_INFORMACAO,Equipamento não tem problemas,Equipamento não tem problemas
SEM_INFORMACAO,Equipamento não tem problemas,Equipamento não tem problemas
SEM_INFORMACAO,Equipamento não tem problemas,Equipamento não tem problemas
SEM_INFORMACAO,Equipamento não tem problemas,Equipamento não tem problemas
SEM_INFORMACAO,Equipamento não tem problemas,Equipamento não tem problemas
Não gela,Equipamento não tem problemas,Equipamento não tem problemas
SEM_INFORMACAO,Equipamento em mau estado,DESCRICAO_NAO_ENCONTRADA
SEM_INFORMACAO,Equipamento em mau estado,DESCRICAO_NAO_ENCONTRADA
SEM_INFORMACAO,Equipamento em mau estado,DESCRICAO_NAO_ENCONTRADA
SEM_INFORMACAO,Equipamento em mau estado,DESCRICAO_NAO_ENCONTRADA
SEM_INFORMACAO,Equipamento em mau estado,DESCRICAO_NAO_ENCONTRADA
SEM_INFORMACAO,Equipamento em mau estado,DESCRICAO_NAO_ENCONTRADA
SEM_INFORMACAO,Equipamento em mau estado,DESCRICAO_NAO_ENCONTRADA
SEM_INFORMACAO,Equipamento em mau estado,DESCRICAO_NAO_ENCONTRADA
SEM_INFORMACAO,Equipamento em mau estado,DESCRICAO_NAO_ENCONTRADA
SEM_INFORMACAO,Equipamento em mau estado,DESCRICAO_NAO_ENCONTRADA
SEM_INFORMACAO,Equipamento em mau estado,DESCRICAO_NAO_ENCONTRADA
SEM_INFORMACAO,Equipamento em mau estado,DESCRICAO_NAO_ENCONTRADA
SEM_INFORMACAO,Equipamento em mau estado,DESCRICAO_NAO_ENCONTRADA
SEM_INFORMACAO,Equipamento em mau estado,DESCRICAO_NAO_ENCONTRADA
SEM_INFORMACAO,Equipamento em mau estado,DESCRICAO_NAO_ENCONTRADA
SEM_INFORMACAO,Equipamento em mau estado,DESCRICAO_NAO_ENCONTRADA
SEM_INFORMACAO,Equipamento em mau estado,DESCRICAO_NAO_ENCONTRADA
SEM_INFORMACAO,Equipamento em mau estado,DESCRICAO_NAO_ENCONTRADA
SEM_INFORMACAO,Equipamento em mau estado,DESCRICAO_NAO_ENCONTRADA
SEM_INFORMACAO,Equipamento em mau estado,DESCRICAO_NAO_ENCONTRADA
SEM_INFORMACAO,Equipamento em mau estado,DESCRICAO_NAO_ENCONTRADA
SEM_INFORMACAO,Equipamento em mau estado,DESCRICAO_NAO_ENCONTRADA
SEM_INFORMACAO,Equipamento em mau estado,DESCRICAO_NAO_ENCONTRADA
SEM_INFORMACAO,Equipamento em mau estado,DESCRICAO_NAO_ENCONTRADA
SEM_INFORMACAO,Equipamento em mau estado,DESCRICAO_NAO_ENCONTRADA
SEM_INFORMACAO,Equipamento em mau estado,DESCRICAO_NAO_ENCONTRADA
SEM_INFORMACAO,Equipamento em mau estado,DESCRICAO_NAO_ENCONTRADA
SEM_INFORMACAO,Equipamento em mau estado,DESCRICAO_NAO_ENCONTRADA
Não gela,Equipamento em mau estado,DESCRICAO_NAO_ENCONTRADA
SEM_INFORMACAO,Equipamento em curto,Equipamento em curto
SEM_INFORMACAO,Equipamento em curto,Equipamento em curto
SEM_INFORMACAO,Equipamento em curto,Equipamento em curto
SEM_INFORMACAO,Equipamento em curto,Equipamento em curto
SEM_INFORMACAO,Equipamento em curto,Equipamento em curto
SEM_INFORMACAO,Equipamento em curto,Equipamento em curto
SEM_INFORMACAO,Equipamento em curto,Equipamento em curto
SEM_INFORMACAO,Equipamento em curto,Equipamento em curto
SEM_INFORMACAO,Equipamento em curto,Equipamento em curto
SEM_INFORMACAO,Equipamento em curto,Equipamento em curto
SEM_INFORMACAO,Equipamento em curto,Equipamento em curto
SEM_INFORMACAO,Equipamento em curto,Equipamento em curto
SEM_INFORMACAO,Equipamento em curto,Equipamento em curto
SEM_INFORMACAO,Equipamento em curto,Equipamento em curto
SEM_INFORMACAO,Equipamento em curto,Equipamento em curto
SEM_INFORMACAO,Equipamento em curto,Equipamento em curto
SEM_INFORMACAO,Equipamento em curto,Equipamento em curto
SEM_INFORMACAO,Equipamento em curto,Equipamento em curto
SEM_INFORMACAO,Equipamento em curto,Equipamento em curto
SEM_INFORMACAO,Equipamento em curto,Equipamento em curto
SEM_INFORMACAO,Equipamento em curto,Equipamento em curto
SEM_INFORMACAO,Equipamento em curto,Equipamento em curto
SEM_INFORMACAO,Equipamento em curto,Equipamento em curto
SEM_INFORMACAO,Equipamento em curto,Equipamento em curto
SEM_INFORMACAO,Equipamento em curto,Equipamento em curto
SEM_INFORMACAO,Equipamento em curto,Equipamento em curto
SEM_INFORMACAO,Equipamento em curto,Equipamento em curto
SEM_INFORMACAO,Equipamento em curto,Equipamento em curto
SEM_INFORMACAO,Equipamento em curto,Equipamento em curto
SEM_INFORMACAO,Equipamento em curto,Equipamento em curto
SEM_INFORMACAO,Equipamento em curto,Equipamento em curto
Não gela,Equipamento em curto,Equipamento em curto
SEM_INFORMACAO,Equipamento desnivelado,Equipamento desnivelado
SEM_INFORMACAO,Equipamento desnivelado,Equipamento desnivelado
SEM_INFORMACAO,Equipamento desnivelado,Equipamento desnivelado
SEM_INFORMACAO,Equipamento desnivelado,Equipamento desnivelado
SEM_INFORMACAO,Equipamento desnivelado,Equipamento desnivelado
SEM_INFORMACAO,Equipamento desnivelado,Equipamento desnivelado
SEM_INFORMACAO,Equipamento desnivelado,Equipamento desnivelado
SEM_INFORMACAO,Equipamento desnivelado,Equipamento desnivelado
SEM_INFORMACAO,Equipamento desnivelado,Equipamento desnivelado
SEM_INFORMACAO,Equipamento desnivelado,Equipamento desnivelado
SEM_INFORMACAO,Equipamento desnivelado,Equipamento desnivelado
SEM_INFORMACAO,Equipamento desnivelado,Equipamento desnivelado
SEM_INFORMACAO,Equipamento desnivelado,Equipamento desnivelado
SEM_INFORMACAO,Equipamento desnivelado,Equipamento desnivelado
Não gela,Equipamento desnivelado,Equipamento desnivelado
Não gela,Equipamento desnivelado,Equipamento desnivelado
SEM_INFORMACAO,Equipamento com gás R12,Equipamento com gás R12
SEM_INFORMACAO,Equipamento com gás R12,Equipamento com gás R12
SEM_INFORMACAO,Equipamento com gás R12,Equipamento com gás R12
SEM_INFORMACAO,Equipamento com gás R12,Equipamento com gás R12
SEM_INFORMACAO,Equipamento com gás R12,Equipamento com gás R12
SEM_INFORMACAO,Dreno entupido,Dreno entupido
SEM_INFORMACAO,Dreno entupido,Dreno entupido
SEM_INFORMACAO,Dreno entupido,Dreno entupido
SEM_INFORMACAO,Dreno entupido,Dreno entupido
SEM_INFORMACAO,Dreno entupido,Dreno entupido
SEM_INFORMACAO,Dreno entupido,Dreno entupido
SEM_INFORMACAO,Dreno entupido,Dreno entupido
SEM_INFORMACAO,Dreno entupido,Dreno entupido
SEM_INFORMACAO,Dreno entupido,Dreno entupido
SEM_INFORMACAO,Dreno entupido,Dreno entupido
SEM_INFORMACAO,Condensador Obstruído/ sujo,Condensador Obstruído/ sujo
SEM_INFORMACAO,Condensador Obstruído/ sujo,Condensador Obstruído/ sujo
SEM_INFORMACAO,Condensador Obstruído/ sujo,Condensador Obstruído/ sujo
SEM_INFORMACAO,Condensador Obstruído/ sujo,Condensador Obstruído/ sujo
SEM_INFORMACAO,Condensador Obstruído/ sujo,Condensador Obstruído/ sujo
SEM_INFORMACAO,Condensador Obstruído/ sujo,Condensador Obstruído/ sujo
SEM_INFORMACAO,Condensador Obstruído/ sujo,Condensador Obstruído/ sujo
SEM_INFORMACAO,Condensador Obstruído/ sujo,Condensador Obstruído/ sujo
SEM_INFORMACAO,Condensador Obstruído/ sujo,Condensador Obstruído/ sujo
SEM_INFORMACAO,Condensador Obstruído/ sujo,Condensador Obstruído/ sujo
SEM_INFORMACAO,Condensador Obstruído/ sujo,Condensador Obstruído/ sujo
SEM_INFORMACAO,Condensador Obstruído/ sujo,Condensador Obstruído/ sujo
SEM_INFORMACAO,Condensador Obstruído/ sujo,Condensador Obstruído/ sujo
SEM_INFORMACAO,Condensador Obstruído/ sujo,Condensador Obstruído/ sujo
Não gela,Condensador Obstruído/ sujo,Condensador Obstruído/ sujo
SEM_INFORMACAO,Compressor com defeito,Compressor com defeito
SEM_INFORMACAO,Compressor com defeito,Compressor com defeito
SEM_INFORMACAO,Compressor com defeito,Compressor com defeito
SEM_INFORMACAO,Compressor com defeito,Compressor com defeito
SEM_INFORMACAO,Compressor com defeito,Compressor com defeito
SEM_INFORMACAO,Compressor com defeito,Compressor com defeito
SEM_INFORMACAO,Compressor com defeito,Compressor com defeito
SEM_INFORMACAO,Compressor com defeito,Compressor com defeito
SEM_INFORMACAO,Compressor com defeito,Compressor com defeito
SEM_INFORMACAO,Compressor com defeito,Compressor com defeito
SEM_INFORMACAO,Compressor com defeito,Compressor com defeito
SEM_INFORMACAO,Compressor com defeito,Compressor com defeito
SEM_INFORMACAO,Compressor com defeito,Compressor com defeito
SEM_INFORMACAO,Compressor com defeito,Compressor com defeito
SEM_INFORMACAO,Compressor com defeito,Compressor com defeito
SEM_INFORMACAO,Compressor com defeito,Compressor com defeito
SEM_INFORMACAO,Compressor com defeito,Compressor com defeito
Não gela,Compressor com defeito,Compressor com defeito
SEM_INFORMACAO,Compressor com defeito,Compressor com defeito
Não gela,Compressor com defeito,Compressor com defeito
SEM_INFORMACAO,Capilar obstruído,Capilar obstruído
SEM_INFORMACAO,Capilar obstruído,Capilar obstruído
SEM_INFORMACAO,Capilar obstruído,Capilar obstruído
SEM_INFORMACAO,Capilar obstruído,Capilar obstruído
SEM_INFORMACAO,Capilar obstruído,Capilar obstruído
SEM_INFORMACAO,Capilar obstruído,Capilar obstruído
Não gela,Capilar obstruído,Capilar obstruído
SEM_INFORMACAO,Capacitor queimado,Capacitor queimado
SEM_INFORMACAO,Capacitor queimado,Capacitor queimado
SEM_INFORMACAO,Capacitor queimado,Capacitor queimado
SEM_INFORMACAO,Capacitor queimado,Capacitor queimado
SEM_INFORMACAO,Capacitor queimado,Capacitor queimado
SEM_INFORMACAO,Capacitor queimado,Capacitor queimado
SEM_INFORMACAO,Capacitor queimado,Capacitor queimado
SEM_INFORMACAO,Capacitor queimado,Capacitor queimado
Não gela,Capacitor queimado,Capacitor queimado
SEM_INFORMACAO,Agitador travado,Agitador travado
SEM_INFORMACAO,Agitador travado,Agitador travado
SEM_INFORMACAO,Bomba de recirculação com defeito,Bomba de recirculação com defeito
SEM_INFORMACAO,Bomba de recirculação com defeito,Bomba de recirculação com defeito
SEM_INFORMACAO,Bomba de recirculação com defeito,Bomba de recirculação com defeito
SEM_INFORMACAO,Carbonatador com defeito,Carbonatador com defeito
SEM_INFORMACAO,Carbonatador com defeito,Carbonatador com defeito
SEM_INFORMACAO,Carbonatador com defeito,Carbonatador com defeito
SEM_INFORMACAO,Carcaça do filtro rompida,Carcaça do filtro rompida
SEM_INFORMACAO,Carcaça do filtro rompida,Carcaça do filtro rompida
SEM_INFORMACAO,Conector com defeito,Conector com defeito
SEM_INFORMACAO,Conector com defeito,Conector com defeito
SEM_INFORMACAO,Fechadura com defeito,Fechadura com defeito
SEM_INFORMACAO,Mangueira com problema,Mangueira com problema
SEM_INFORMACAO,Mangueira com problema,Mangueira com problema
SEM_INFORMACAO,Solenoide com defeito,Solenoide com defeito
SEM_INFORMACAO,Nível de alcóol baixo,Nível de alcóol baixo
SEM_INFORMACAO,Nível de alcóol baixo,Nível de alcóol baixo
SEM_INFORMACAO,Produto não conectado,Produto não conectado
SEM_INFORMACAO,Produto não conectado,Produto não conectado
SEM_INFORMACAO,Sem CO²,Sem CO²
SEM_INFORMACAO,Sem CO²,Sem CO²
SEM_INFORMACAO,Sem CO²,Sem CO²
SEM_INFORMACAO,Sem CO²,Sem CO²
SEM_INFORMACAO,Válvula extratora com defeito,Válvula extratora com defeito
SEM_INFORMACAO,Válvula extratora com defeito,Válvula extratora com defeito
SEM_INFORMACAO,Válvulas desrreguladas,Válvulas desrreguladas
SEM_INFORMACAO,Válvulas desrreguladas,Válvulas desrreguladas
SEM_INFORMACAO,Válvulas desrreguladas,Válvulas desrreguladas
SEM_INFORMACAO,Vazamento de água,Vazamento de água
SEM_INFORMACAO,Vazamento de água,Vazamento de água
SEM_INFORMACAO,Vazamento de água,Vazamento de água
SEM_INFORMACAO,Vazamento de água,Vazamento de água
SEM_INFORMACAO,Vazamento de chopp,Vazamento de chopp
SEM_INFORMACAO,Vazamento de chopp,Vazamento de chopp
SEM_INFORMACAO,Tomada desligada,Tomada desligada
SEM_INFORMACAO,Aferição de manômetro,Aferição de manômetro
SEM_INFORMACAO,Aferição de manômetro,Aferição de manômetro
SEM_INFORMACAO,Bomba de xarope com defeito,Bomba de xarope com defeito
SEM_INFORMACAO,Bomba de xarope com defeito,Bomba de xarope com defeito
SEM_INFORMACAO,Entrada de ar no sistema,Entrada de ar no sistema
SEM_INFORMACAO,Entrada de ar no sistema,Entrada de ar no sistema
SEM_INFORMACAO,Não gela,Não gela
SEM_INFORMACAO,Não gela,Não gela
SEM_INFORMACAO,Não gela,Não gela
SEM_INFORMACAO,Não gela,Não gela
SEM_INFORMACAO,Não gela,Não gela
SEM_INFORMACAO,Sensor de Condutividade com defeito,Sensor de Condutividade com defeito
SEM_INFORMACAO,Refil do filtro d água saturado,Refil do filtro d água saturado
SEM_INFORMACAO,Refil do filtro d água saturado,Refil do filtro d água saturado
SEM_INFORMACAO,Registro de água fechado,Registro de água fechado
SEM_INFORMACAO,Registro de água fechado,Registro de água fechado
SEM_INFORMACAO,Regulador de pressão c/ defeito,Regulador de pressão c/ defeito
SEM_INFORMACAO,Regulador de pressão c/ defeito,Regulador de pressão c/ defeito
SEM_INFORMACAO,Regulador de pressão c/ defeito,Regulador de pressão c/ defeito
SEM_INFORMACAO,Resistência queimada,Resistência queimada
SEM_INFORMACAO,Resistência queimada,Resistência queimada
SEM_INFORMACAO,Resistência queimada,Resistência queimada
SEM_INFORMACAO,Resistência queimada,Resistência queimada
SEM_INFORMACAO,Resistência queimada,Resistência queimada
SEM_INFORMACAO,Resistência queimada,Resistência queimada
SEM_INFORMACAO,Resistência queimada,Resistência queimada
Não gela,Resistência queimada,Resistência queimada
SEM_INFORMACAO,Sensor de gelo com defeito,Sensor de gelo com defeito
SEM_INFORMACAO,Sensor de gelo com defeito,Sensor de gelo com defeito
SEM_INFORMACAO,Sensor de gelo com defeito,Sensor de gelo com defeito
SEM_INFORMACAO,Sensor de gelo com defeito,Sensor de gelo com defeito
SEM_INFORMACAO,Sensor de nível com defeito,Sensor de nível com defeito
SEM_INFORMACAO,Sensor de nível com defeito,Sensor de nível com defeito
SEM_INFORMACAO,Serpentina obstruída,Serpentina obstruída
SEM_INFORMACAO,Serpentina obstruída,Serpentina obstruída
SEM_INFORMACAO,Válvula dispensadora CH com defeito,Válvula dispensadora CH com defeito
SEM_INFORMACAO,Válvula dispensadora CH com defeito,Válvula dispensadora CH com defeito
SEM_INFORMACAO,Vazamento de xarope,Vazamento de xarope
SEM_INFORMACAO,Vazamento de xarope,Vazamento de xarope
SEM_INFORMACAO,Válvula dispensadora PM com defeito,Válvula dispensadora PM com defeito
SEM_INFORMACAO,Válvula dispensadora PM com defeito,Válvula dispensadora PM com defeito
SEM_INFORMACAO,Vazamento de produto,Vazamento de produto
SEM_INFORMACAO,Compressor com defeito,Compressor com defeito
SEM_INFORMACAO,Compressor com defeito,Compressor com defeito
SEM_INFORMACAO,Compressor com defeito,Compressor com defeito
SEM_INFORMACAO,Compressor com defeito,Compressor com defeito
Não gela,Compressor com defeito,Compressor com defeito
SEM_INFORMACAO,Capacitor queimado,Capacitor queimado
SEM_INFORMACAO,Capacitor queimado,Capacitor queimado
SEM_INFORMACAO,Motor forçador sem lubrificação,Motor forçador sem lubrificação
SEM_INFORMACAO,Motor forçador sem lubrificação,Motor forçador sem lubrificação
SEM_INFORMACAO,Equipamento sujo,Equipamento sujo
SEM_INFORMACAO,Equipamento sujo,Equipamento sujo
SEM_INFORMACAO,Equipamento sujo,Equipamento sujo
SEM_INFORMACAO,Equipamento sujo,Equipamento sujo
SEM_INFORMACAO,Equipamento sujo,Equipamento sujo
SEM_INFORMACAO,Equipamento sujo,Equipamento sujo
Equipamento sujo,Equipamento sujo,Equipamento sujo
SEM_INFORMACAO,Produto com sabor alterado,Produto com sabor alterado
SEM_INFORMACAO,Produto com sabor alterado,Produto com sabor alterado
SEM_INFORMACAO,Protetor térmico com defeito,Protetor térmico com defeito
SEM_INFORMACAO,Protetor térmico com defeito,Protetor térmico com defeito
SEM_INFORMACAO,Protetor térmico com defeito,Protetor térmico com defeito
SEM_INFORMACAO,Protetor térmico com defeito,Protetor térmico com defeito
SEM_INFORMACAO,Protetor térmico com defeito,Protetor térmico com defeito
Não gela,Protetor térmico com defeito,Protetor térmico com defeito
SEM_INFORMACAO,Ligar produto,Ligar produto
SEM_INFORMACAO,Ligar produto,Ligar produto
SEM_INFORMACAO,Condensador obstruído/ sujo,Condensador obstruído/ sujo
SEM_INFORMACAO,Condensador obstruído/ sujo,Condensador obstruído/ sujo
SEM_INFORMACAO,Equipamento estava desligado,Equipamento estava desligado
SEM_INFORMACAO,Equipamento estava desligado,Equipamento estava desligado
SEM_INFORMACAO,Equipamento estava desligado,Equipamento estava desligado
SEM_INFORMACAO,Equipamento estava desligado,Equipamento estava desligado
SEM_INFORMACAO,Equipamento estava desligado,Equipamento estava desligado
SEM_INFORMACAO,Equipamento estava desligado,Equipamento estava desligado
SEM_INFORMACAO,Equipamento estava desligado,Equipamento estava desligado
SEM_INFORMACAO,Equipamento estava desligado,Equipamento estava desligado
SEM_INFORMACAO,Equipamento estava desligado,Equipamento estava desligado
SEM_INFORMACAO,Equipamento estava desligado,Equipamento estava desligado
SEM_INFORMACAO,Defeito no barril,Defeito no barril
SEM_INFORMACAO,Defeito no barril,Defeito no barril
SEM_INFORMACAO,Sem Condicões de reparo no Gabinete,Sem Condicões de reparo no Gabinete
SEM_INFORMACAO,Sem Condicões de reparo no Gabinete,Sem Condicões de reparo no Gabinete
SEM_INFORMACAO,Sem Condicões de reparo no Gabinete,Sem Condicões de reparo no Gabinete
SEM_INFORMACAO,Falta de energia,Falta de energia
SEM_INFORMACAO,Falta de energia,Falta de energia
SEM_INFORMACAO,Fusível queimado,Fusível queimado
SEM_INFORMACAO,Fusível queimado,Fusível queimado
SEM_INFORMACAO,Protetor térmico com defeito,Protetor térmico com defeito
SEM_INFORMACAO,Protetor térmico com defeito,Protetor térmico com defeito
SEM_INFORMACAO,Defeito no bag in box,Defeito no bag in box
SEM_INFORMACAO,Defeito no bag in box,Defeito no bag in box
SEM_INFORMACAO,Transformador queimado,Transformador queimado
SEM_INFORMACAO,Transformador queimado,Transformador queimado
SEM_INFORMACAO,Coleta de água,Coleta de água
SEM_INFORMACAO,Coleta de água,Coleta de água
SEM_INFORMACAO,Sem Produto,Sem Produto
SEM_INFORMACAO,Sem Produto,Sem Produto
SEM_INFORMACAO,Dreno entupido,Dreno entupido
SEM_INFORMACAO,Dreno entupido,Dreno entupido
SEM_INFORMACAO,Variação de tensão no local,Variação de tensão no local
SEM_INFORMACAO,Variação de tensão no local,Variação de tensão no local
SEM_INFORMACAO,Variação de tensão no local,Variação de tensão no local
SEM_INFORMACAO,Variação de tensão no local,Variação de tensão no local
SEM_INFORMACAO,Variação de tensão no local,Variação de tensão no local
SEM_INFORMACAO,Botoeira com defeito,Botoeira com defeito
SEM_INFORMACAO,Botoeira com defeito,Botoeira com defeito
SEM_INFORMACAO,Botoeira com defeito,Botoeira com defeito
SEM_INFORMACAO,Termostato com defeito,Termostato com defeito
SEM_INFORMACAO,Termostato com defeito,Termostato com defeito
SEM_INFORMACAO,Termostato com defeito,Termostato com defeito
SEM_INFORMACAO,Canaleta fora de posição,Canaleta fora de posição
SEM_INFORMACAO,Canaleta fora de posição,Canaleta fora de posição
SEM_INFORMACAO,Canaleta fora de posição,Canaleta fora de posição
SEM_INFORMACAO,Canaleta fora de posição,Canaleta fora de posição
SEM_INFORMACAO,Vandalismo,Vandalismo
SEM_INFORMACAO,Vandalismo,Vandalismo
SEM_INFORMACAO,Vandalismo,Vandalismo
SEM_INFORMACAO,Vandalismo,Vandalismo
SEM_INFORMACAO,Vandalismo,Vandalismo
SEM_INFORMACAO,Vandalismo,Vandalismo
SEM_INFORMACAO,Vandalismo,Vandalismo
Não gela,Vandalismo,Vandalismo
SEM_INFORMACAO,Sem troco,Sem troco
SEM_INFORMACAO,Sem troco,Sem troco
SEM_INFORMACAO,Sem troco,Sem troco
SEM_INFORMACAO,Lampada queimada,Lampada queimada
SEM_INFORMACAO,Lampada queimada,Lampada queimada
SEM_INFORMACAO,Lampada queimada,Lampada queimada
SEM_INFORMACAO,Lampada queimada,Lampada queimada
SEM_INFORMACAO,Lampada queimada,Lampada queimada
SEM_INFORMACAO,Lampada queimada,Lampada queimada
SEM_INFORMACAO,Produto fora de posição,Produto fora de posição
SEM_INFORMACAO,Produto fora de posição,Produto fora de posição
SEM_INFORMACAO,Produto fora de posição,Produto fora de posição
SEM_INFORMACAO,Programação errada,Programação errada
SEM_INFORMACAO,Programação errada,Programação errada
SEM_INFORMACAO,Programação errada,Programação errada
SEM_INFORMACAO,Programação errada,Programação errada
SEM_INFORMACAO,Programação errada,Programação errada
SEM_INFORMACAO,Programação errada,Programação errada
SEM_INFORMACAO,Programação errada,Programação errada
SEM_INFORMACAO,Programação errada,Programação errada
SEM_INFORMACAO,Programação errada,Programação errada
SEM_INFORMACAO,Programação errada,Programação errada
Não gela,Programação errada,Programação errada
SEM_INFORMACAO,Programação errada,Programação errada
Não gela,Programação errada,Programação errada
SEM_INFORMACAO,Aceitador de notas não conect,Aceitador de notas não conect
SEM_INFORMACAO,Aceitador de notas não conect,Aceitador de notas não conect
SEM_INFORMACAO,Aceitador de notas não conect,Aceitador de notas não conect
SEM_INFORMACAO,Sem Produto,Sem Produto
SEM_INFORMACAO,Sem Produto,Sem Produto
SEM_INFORMACAO,Sem Produto,Sem Produto
SEM_INFORMACAO,Nota presa,Nota presa
SEM_INFORMACAO,Nota presa,Nota presa
SEM_INFORMACAO,Nota presa,Nota presa
Não gela,Nota presa,Nota presa
SEM_INFORMACAO,Chicote danificado,Chicote danificado
SEM_INFORMACAO,Chicote danificado,Chicote danificado
SEM_INFORMACAO,Chicote danificado,Chicote danificado
SEM_INFORMACAO,Placa Eletrônica,Placa Eletrônica
SEM_INFORMACAO,Placa Eletrônica,Placa Eletrônica
SEM_INFORMACAO,Placa Eletrônica,Placa Eletrônica
SEM_INFORMACAO,Placa Eletrônica,Placa Eletrônica
SEM_INFORMACAO,Placa Eletrônica,Placa Eletrônica
SEM_INFORMACAO,Placa Eletrônica,Placa Eletrônica
Não gela,Placa Eletrônica,Placa Eletrônica
SEM_INFORMACAO,Placa Eletrônica,Placa Eletrônica
SEM_INFORMACAO,Placa Eletrônica,Placa Eletrônica
SEM_INFORMACAO,Miolo de fechadura com problema,Miolo de fechadura com problema
SEM_INFORMACAO,Miolo de fechadura com problema,Miolo de fechadura com problema
SEM_INFORMACAO,Miolo de fechadura com problema,Miolo de fechadura com problema
SEM_INFORMACAO,Fechadura com problema,Fechadura com problema
SEM_INFORMACAO,Fechadura com problema,Fechadura com problema
SEM_INFORMACAO,Fechadura com problema,Fechadura com problema
SEM_INFORMACAO,Indicadores em mau estado,Indicadores em mau estado
SEM_INFORMACAO,Indicadores em mau estado,Indicadores em mau estado
SEM_INFORMACAO,Indicadores em mau estado,Indicadores em mau estado
SEM_INFORMACAO,Objetos obstruindo dinheiro,Objetos obstruindo dinheiro
SEM_INFORMACAO,Objetos obstruindo dinheiro,Objetos obstruindo dinheiro
Não gela,Objetos obstruindo dinheiro,Objetos obstruindo dinheiro
SEM_INFORMACAO,Objetos obstruindo dinheiro,Objetos obstruindo dinheiro
SEM_INFORMACAO,Lâmpada queimada,Lâmpada queimada
SEM_INFORMACAO,Lâmpada queimada,Lâmpada queimada
SEM_INFORMACAO,Lâmpada queimada,Lâmpada queimada
SEM_INFORMACAO,Lâmpada queimada,Lâmpada queimada
SEM_INFORMACAO,Lâmpada queimada,Lâmpada queimada
SEM_INFORMACAO,Lâmpada queimada,Lâmpada queimada
Ordem de Piso,Lâmpada queimada,Lâmpada queimada
SEM_INFORMACAO,Micro swich danificado,Micro swich danificado
SEM_INFORMACAO,Micro swich danificado,Micro swich danificado
SEM_INFORMACAO,Micro swich danificado,Micro swich danificado
SEM_INFORMACAO,Start queimado,Start queimado
SEM_INFORMACAO,Start queimado,Start queimado
SEM_INFORMACAO,Start queimado,Start queimado
SEM_INFORMACAO,Start queimado,Start queimado
SEM_INFORMACAO,Start queimado,Start queimado
SEM_INFORMACAO,Start queimado,Start queimado
Não gela,Start queimado,Start queimado
SEM_INFORMACAO,Sensor de batida desrregulado,Sensor de batida desrregulado
SEM_INFORMACAO,Sensor de batida desrregulado,Sensor de batida desrregulado
Não gela,Sensor de batida desrregulado,Sensor de batida desrregulado
SEM_INFORMACAO,Sensor de batida desrregulado,Sensor de batida desrregulado
SEM_INFORMACAO,Moedeiro fora de posição,Moedeiro fora de posição
SEM_INFORMACAO,Moedeiro fora de posição,Moedeiro fora de posição
SEM_INFORMACAO,Moedeiro fora de posição,Moedeiro fora de posição
SEM_INFORMACAO,Home sensor danificado,Home sensor danificado
SEM_INFORMACAO,Home sensor danificado,Home sensor danificado
SEM_INFORMACAO,Home sensor danificado,Home sensor danificado
SEM_INFORMACAO,Conjunto de correntes quebrado,Conjunto de correntes quebrado
SEM_INFORMACAO,Conjunto de correntes quebrado,Conjunto de correntes quebrado
SEM_INFORMACAO,Conjunto de correntes quebrado,Conjunto de correntes quebrado
SEM_INFORMACAO,Falta energia,DESCRICAO_NAO_ENCONTRADA
SEM_INFORMACAO,Falta energia,DESCRICAO_NAO_ENCONTRADA
SEM_INFORMACAO,Falta energia,DESCRICAO_NAO_ENCONTRADA
Não gela,Falta energia,DESCRICAO_NAO_ENCONTRADA
SEM_INFORMACAO,Aceitadores sujos,Aceitadores sujos
SEM_INFORMACAO,Aceitadores sujos,Aceitadores sujos
SEM_INFORMACAO,Aceitadores sujos,Aceitadores sujos
SEM_INFORMACAO,Não liga,Não liga
SEM_INFORMACAO,Não liga,Não liga
SEM_INFORMACAO,Não liga,Não liga
SEM_INFORMACAO,Não liga,Não liga
SEM_INFORMACAO,Não liga,Não liga
SEM_INFORMACAO,Pest Control com defeito,Pest Control com defeito
SEM_INFORMACAO,Regulagem do produto,Regulagem do produto
SEM_INFORMACAO,Cliente não fez retrolavagem,Cliente não fez retrolavagem
SEM_INFORMACAO,Vazamento de água,Vazamento de água
SEM_INFORMACAO,Vazamento de água,Vazamento de água
SEM_INFORMACAO,Lampada queimada,Lampada queimada
SEM_INFORMACAO,Ligar produto,Ligar produto
SEM_INFORMACAO,Falta de água,Falta de água
SEM_INFORMACAO,Motor de insumo com defeito,Motor de insumo com defeito
SEM_INFORMACAO,Gabinete com defeito,Gabinete com defeito
SEM_INFORMACAO,Carcaça do filtro com defeito,Carcaça do filtro com defeito
SEM_INFORMACAO,Manutençao Preventiva,Manutençao Preventiva
SEM_INFORMACAO,Manutençao Preventiva,Manutençao Preventiva
SEM_INFORMACAO,Manutençao Preventiva,Manutençao Preventiva
SEM_INFORMACAO,Manutençao Preventiva,Manutençao Preventiva
Preventiva,Manutençao Preventiva,Manutençao Preventiva
SEM_INFORMACAO,Conector com defeito,Conector com defeito
SEM_INFORMACAO,Conector com defeito,Conector com defeito
SEM_INFORMACAO,Conector com defeito,Conector com defeito
Plug  Cabo de forca danificado,Conector com defeito,Conector com defeito
SEM_INFORMACAO,Motor batedor com defeito,Motor batedor com defeito
SEM_INFORMACAO,Bomba com defeito,Bomba com defeito
SEM_INFORMACAO,Bomba com defeito,Bomba com defeito
Equipamento sujo,Bomba com defeito,Bomba com defeito
SEM_INFORMACAO,Sanitização,Sanitização
SEM_INFORMACAO,Sanitização,Sanitização
SEM_INFORMACAO,Equipamento sem defeito,Equipamento sem defeito
SEM_INFORMACAO,Equipamento sem defeito,Equipamento sem defeito
SEM_INFORMACAO,Equipamento sem defeito,Equipamento sem defeito
SEM_INFORMACAO,Equipamento sem defeito,Equipamento sem defeito
SEM_INFORMACAO,Equipamento sem defeito,Equipamento sem defeito
Não gela,Equipamento sem defeito,Equipamento sem defeito
SEM_INFORMACAO,Movimentação,Movimentação
SEM_INFORMACAO,Movimentação,Movimentação
SEM_INFORMACAO,Movimentação,Movimentação
SEM_INFORMACAO,Movimentação,Movimentação
SEM_INFORMACAO,Movimentação,Movimentação
SEM_INFORMACAO,Movimentação,Movimentação
SEM_INFORMACAO,Movimentação,Movimentação
SEM_INFORMACAO,Movimentação,Movimentação
SEM_INFORMACAO,Movimentação,Movimentação
SEM_INFORMACAO,Movimentação,Movimentação
SEM_INFORMACAO,Movimentação,Movimentação
SEM_INFORMACAO,Movimentação,Movimentação
SEM_INFORMACAO,Movimentação,Movimentação
SEM_INFORMACAO,Movimentação,Movimentação
SEM_INFORMACAO,Movimentação,Movimentação
SEM_INFORMACAO,Movimentação,Movimentação
SEM_INFORMACAO,Umidade no sistema,DESCRICAO_NAO_ENCONTRADA
SEM_INFORMACAO,Umidade no sistema,DESCRICAO_NAO_ENCONTRADA
SEM_INFORMACAO,Controlador danificado,DESCRICAO_NAO_ENCONTRADA
SEM_INFORMACAO,Controlador danificado,DESCRICAO_NAO_ENCONTRADA
SEM_INFORMACAO,Controlador queimado,DESCRICAO_NAO_ENCONTRADA
SEM_INFORMACAO,Controlador queimado,DESCRICAO_NAO_ENCONTRADA
SEM_INFORMACAO,Equipamento amassado,DESCRICAO_NAO_ENCONTRADA
SEM_INFORMACAO,Equipamento amassado,DESCRICAO_NAO_ENCONTRADA
SEM_INFORMACAO,Imagem Danificada,DESCRICAO_NAO_ENCONTRADA
SEM_INFORMACAO,Imagem Danificada,DESCRICAO_NAO_ENCONTRADA
SEM_INFORMACAO,Pintura,DESCRICAO_NAO_ENCONTRADA
SEM_INFORMACAO,Pintura,DESCRICAO_NAO_ENCONTRADA
SEM_INFORMACAO,Pintura,DESCRICAO_NAO_ENCONTRADA
SEM_INFORMACAO,Pintura,DESCRICAO_NAO_ENCONTRADA
SEM_INFORMACAO,Pintura,DESCRICAO_NAO_ENCONTRADA
SEM_INFORMACAO,Pintura,DESCRICAO_NAO_ENCONTRADA
SEM_INFORMACAO,Controlador,Controlador
SEM_INFORMACAO,Controlador,Controlador
SEM_INFORMACAO,Controlador,Controlador
SEM_INFORMACAO,Controlador,Controlador
SEM_INFORMACAO,Controlador,Controlador
SEM_INFORMACAO,Controlador,Controlador
SEM_INFORMACAO,Controlador,Controlador
SEM_INFORMACAO,Controlador,Controlador
SEM_INFORMACAO,Controlador,Controlador
SEM_INFORMACAO,Controlador,Controlador
Congelando,Controlador,Controlador
Congelando,Controlador,Controlador
Outros,Controlador,Controlador
Não gela,Controlador,Controlador
SEM_INFORMACAO,Visita Improdutiva,Visita Improdutiva
SEM_INFORMACAO,Visita Improdutiva,Visita Improdutiva
SEM_INFORMACAO,Visita Improdutiva,Visita Improdutiva
SEM_INFORMACAO,Visita Improdutiva,Visita Improdutiva
SEM_INFORMACAO,Visita Improdutiva,Visita Improdutiva
SEM_INFORMACAO,Visita Improdutiva,Visita Improdutiva
SEM_INFORMACAO,Visita Improdutiva,Visita Improdutiva
SEM_INFORMACAO,Visita Improdutiva,Visita Improdutiva
SEM_INFORMACAO,Visita Improdutiva,Visita Improdutiva
SEM_INFORMACAO,Visita Improdutiva,Visita Improdutiva
SEM_INFORMACAO,Visita Improdutiva,Visita Improdutiva
SEM_INFORMACAO,Visita Improdutiva,Visita Improdutiva
SEM_INFORMACAO,Visita Improdutiva,Visita Improdutiva
SEM_INFORMACAO,Visita Improdutiva,Visita Improdutiva
SEM_INFORMACAO,Visita Improdutiva,Visita Improdutiva
SEM_INFORMACAO,Visita Improdutiva,Visita Improdutiva
SEM_INFORMACAO,Visita Improdutiva,Visita Improdutiva
SEM_INFORMACAO,Visita Improdutiva,Visita Improdutiva
SEM_INFORMACAO,Visita Improdutiva,Visita Improdutiva
SEM_INFORMACAO,Visita Improdutiva,Visita Improdutiva
SEM_INFORMACAO,Vazamento no evaporador,Vazamento no evaporador
SEM_INFORMACAO,Vazamento no evaporador,Vazamento no evaporador
SEM_INFORMACAO,Vazamento no evaporador,Vazamento no evaporador
SEM_INFORMACAO,Vazamento no evaporador,Vazamento no evaporador
SEM_INFORMACAO,Vazamento no evaporador,Vazamento no evaporador
SEM_INFORMACAO,Equipamentos sem problemas,Equipamentos sem problemas
SEM_INFORMACAO,Equipamentos sem problemas,Equipamentos sem problemas
SEM_INFORMACAO,Equipamentos sem problemas,Equipamentos sem problemas
SEM_INFORMACAO,Equipamentos sem problemas,Equipamentos sem problemas
SEM_INFORMACAO,Equipamentos sem problemas,Equipamentos sem problemas
SEM_INFORMACAO,Equipamentos sem problemas,Equipamentos sem problemas
SEM_INFORMACAO,Equipamentos sem problemas,Equipamentos sem problemas
SEM_INFORMACAO,Equipamentos sem problemas,Equipamentos sem problemas
SEM_INFORMACAO,Equipamentos sem problemas,Equipamentos sem problemas
SEM_INFORMACAO,Equipamentos sem problemas,Equipamentos sem problemas
SEM_INFORMACAO,Equipamentos sem problemas,Equipamentos sem problemas
SEM_INFORMACAO,Equipamentos sem problemas,Equipamentos sem problemas
SEM_INFORMACAO,Equipamentos sem problemas,Equipamentos sem problemas
SEM_INFORMACAO,Equipamentos sem problemas,Equipamentos sem problemas
SEM_INFORMACAO,Equipamentos sem problemas,Equipamentos sem problemas
SEM_INFORMACAO,Equipamentos sem problemas,Equipamentos sem problemas
SEM_INFORMACAO,Equipamentos sem problemas,Equipamentos sem problemas
SEM_INFORMACAO,Equipamentos sem problemas,Equipamentos sem problemas
SEM_INFORMACAO,Equipamentos sem problemas,Equipamentos sem problemas
SEM_INFORMACAO,Equipamentos sem problemas,Equipamentos sem problemas
SEM_INFORMACAO,Equipamentos sem problemas,Equipamentos sem problemas
SEM_INFORMACAO,Equipamentos sem problemas,Equipamentos sem problemas
SEM_INFORMACAO,Unidade de refrigeração s,Unidade de refrigeração s
SEM_INFORMACAO,Com produto da concorrência,Com produto da concorrência
SEM_INFORMACAO,Com produto da concorrência,Com produto da concorrência
SEM_INFORMACAO,Com produto da concorrência,Com produto da concorrência
SEM_INFORMACAO,Com produto da concorrência,Com produto da concorrência
SEM_INFORMACAO,Tomada desligada,Tomada desligada
SEM_INFORMACAO,Tomada desligada,Tomada desligada
SEM_INFORMACAO,Compressor com corrente alta,Compressor com corrente alta
SEM_INFORMACAO,Compressor com corrente alta,Compressor com corrente alta
SEM_INFORMACAO,Compressor com corrente alta,Compressor com corrente alta
SEM_INFORMACAO,Compressor com corrente alta,Compressor com corrente alta
SEM_INFORMACAO,Compressor com corrente alta,Compressor com corrente alta
Não gela,Compressor com corrente alta,Compressor com corrente alta
SEM_INFORMACAO,Auto- fechamento quebrado,Auto- fechamento quebrado
SEM_INFORMACAO,Auto- fechamento quebrado,Auto- fechamento quebrado
SEM_INFORMACAO,Auto- fechamento quebrado,Auto- fechamento quebrado
SEM_INFORMACAO,Auto- fechamento quebrado,Auto- fechamento quebrado
SEM_INFORMACAO,Auto- fechamento quebrado,Auto- fechamento quebrado
SEM_INFORMACAO,Auto- fechamento quebrado,Auto- fechamento quebrado
SEM_INFORMACAO,Auto- fechamento quebrado,Auto- fechamento quebrado
SEM_INFORMACAO,Auto- fechamento quebrado,Auto- fechamento quebrado
Não gela,Auto- fechamento quebrado,Auto- fechamento quebrado
SEM_INFORMACAO,Resistência de degelo com defeito,DESCRICAO_NAO_ENCONTRADA
SEM_INFORMACAO,Resistência de degelo com defeito,DESCRICAO_NAO_ENCONTRADA
SEM_INFORMACAO,Resistência de degelo com defeito,DESCRICAO_NAO_ENCONTRADA
SEM_INFORMACAO,Resistência de degelo com defeito,DESCRICAO_NAO_ENCONTRADA
SEM_INFORMACAO,Controlador com defeito,Controlador com defeito
SEM_INFORMACAO,Controlador com defeito,Controlador com defeito
SEM_INFORMACAO,Controlador com defeito,Controlador com defeito
SEM_INFORMACAO,Controlador com defeito,Controlador com defeito
SEM_INFORMACAO,Controlador com defeito,Controlador com defeito
SEM_INFORMACAO,Controlador com defeito,Controlador com defeito
SEM_INFORMACAO,Controlador com defeito,Controlador com defeito
SEM_INFORMACAO,Controlador com defeito,Controlador com defeito
SEM_INFORMACAO,Controlador com defeito,Controlador com defeito
SEM_INFORMACAO,Controlador com defeito,Controlador com defeito
SEM_INFORMACAO,Controlador com defeito,Controlador com defeito
Congelando,Controlador com defeito,Controlador com defeito
Não gela,Controlador com defeito,Controlador com defeito
SEM_INFORMACAO,Controlador com defeito,Controlador com defeito
Outros,Controlador com defeito,Controlador com defeito
SEM_INFORMACAO,Sensor de temperatura com defeito,DESCRICAO_NAO_ENCONTRADA
SEM_INFORMACAO,Sensor de temperatura com defeito,DESCRICAO_NAO_ENCONTRADA
SEM_INFORMACAO,Gaxeta/porta sem vedação,Gaxeta/porta sem vedação
SEM_INFORMACAO,Gaxeta/porta sem vedação,Gaxeta/porta sem vedação
SEM_INFORMACAO,Gaxeta/porta sem vedação,Gaxeta/porta sem vedação
Não gela,Gaxeta/porta sem vedação,Gaxeta/porta sem vedação
SEM_INFORMACAO,Gaxeta/porta sem vedação,Gaxeta/porta sem vedação
SEM_INFORMACAO,Gaxeta/porta sem vedação,Gaxeta/porta sem vedação
SEM_INFORMACAO,Falta de aterramento,Falta de aterramento
SEM_INFORMACAO,Falta de aterramento,Falta de aterramento
SEM_INFORMACAO,Falta de aterramento,Falta de aterramento
SEM_INFORMACAO,Falta de aterramento,Falta de aterramento
SEM_INFORMACAO,Falta de aterramento,Falta de aterramento
Não gela,Falta de aterramento,Falta de aterramento
SEM_INFORMACAO,Controlador com defeito,Controlador com defeito
SEM_INFORMACAO,Controlador com defeito,Controlador com defeito
SEM_INFORMACAO,Controlador com defeito,Controlador com defeito
SEM_INFORMACAO,Controlador com defeito,Controlador com defeito
SEM_INFORMACAO,Controlador com defeito,Controlador com defeito
SEM_INFORMACAO,Controlador com defeito,Controlador com defeito
SEM_INFORMACAO,Controlador com defeito,Controlador com defeito
SEM_INFORMACAO,Controlador com defeito,Controlador com defeito
SEM_INFORMACAO,Controlador com defeito,Controlador com defeito
Não gela,Controlador com defeito,Controlador com defeito
SEM_INFORMACAO,Controlador com defeito,Controlador com defeito
SEM_INFORMACAO,Controlador com defeito,Controlador com defeito
Outros,Controlador com defeito,Controlador com defeito
SEM_INFORMACAO,Evaporador com vazamento,Evaporador com vazamento
SEM_INFORMACAO,Evaporador com vazamento,Evaporador com vazamento
SEM_INFORMACAO,Evaporador com vazamento,Evaporador com vazamento
SEM_INFORMACAO,Evaporador com vazamento,Evaporador com vazamento
SEM_INFORMACAO,Evaporador com vazamento,Evaporador com vazamento
SEM_INFORMACAO,Evaporador com vazamento,Evaporador com vazamento
SEM_INFORMACAO,Evaporador com vazamento,Evaporador com vazamento
SEM_INFORMACAO,Bandeja do evaporador solta,Bandeja do evaporador solta
SEM_INFORMACAO,Bandeja do evaporador solta,Bandeja do evaporador solta
SEM_INFORMACAO,Bandeja do evaporador solta,Bandeja do evaporador solta
SEM_INFORMACAO,Bandeja do evaporador solta,Bandeja do evaporador solta
Bandeja interna solta,Bandeja do evaporador solta,Bandeja do evaporador solta
Não gela,Bandeja do evaporador solta,Bandeja do evaporador solta
SEM_INFORMACAO,Sistema de Ref. Contaminado,Sistema de Ref. Contaminado
SEM_INFORMACAO,Vazamento de água,Vazamento de água
SEM_INFORMACAO,Vazamento de água,Vazamento de água
SEM_INFORMACAO,Energia do PDV desregulada,Energia do PDV desregulada
SEM_INFORMACAO,Energia do PDV desregulada,Energia do PDV desregulada
SEM_INFORMACAO,Energia do PDV desregulada,Energia do PDV desregulada
SEM_INFORMACAO,Energia do PDV desregulada,Energia do PDV desregulada
Não gela,Energia do PDV desregulada,Energia do PDV desregulada
SEM_INFORMACAO,Moldura Painel Manchado,Moldura Painel Manchado
SEM_INFORMACAO,Moldura Painel Manchado,Moldura Painel Manchado
SEM_INFORMACAO,Moldura Painel Manchado,Moldura Painel Manchado
Não gela,Moldura Painel Manchado,Moldura Painel Manchado
SEM_INFORMACAO,Controlador desregulado,Controlador desregulado
SEM_INFORMACAO,Endereço incorreto,Endereço incorreto
SEM_INFORMACAO,Endereço incorreto,Endereço incorreto
Comissionamento,Endereço incorreto,Endereço incorreto
Comissionamento,Endereço incorreto,Endereço incorreto
SEM_INFORMACAO,Equipamento não localizado no PDV,Equipamento não localizado no PDV
SEM_INFORMACAO,Equipamento não localizado no PDV,Equipamento não localizado no PDV
SEM_INFORMACAO,Equipamento não localizado no PDV,Equipamento não localizado no PDV
SEM_INFORMACAO,Equipamento não localizado no PDV,Equipamento não localizado no PDV
SEM_INFORMACAO,Equipamento não localizado no PDV,Equipamento não localizado no PDV
SEM_INFORMACAO,Equipamento não localizado no PDV,Equipamento não localizado no PDV
SEM_INFORMACAO,Equipamento não localizado no PDV,Equipamento não localizado no PDV
SEM_INFORMACAO,Equipamento não localizado no PDV,Equipamento não localizado no PDV
SEM_INFORMACAO,Equipamento não localizado no PDV,Equipamento não localizado no PDV
SEM_INFORMACAO,Equipamento não localizado no PDV,Equipamento não localizado no PDV
SEM_INFORMACAO,Equipamento não localizado no PDV,Equipamento não localizado no PDV
SEM_INFORMACAO,Equipamento não localizado no PDV,Equipamento não localizado no PDV
SEM_INFORMACAO,Equipamento não localizado no PDV,Equipamento não localizado no PDV
SEM_INFORMACAO,Equipamento não localizado no PDV,Equipamento não localizado no PDV
SEM_INFORMACAO,Equipamento não localizado no PDV,Equipamento não localizado no PDV
SEM_INFORMACAO,Equipamento não localizado no PDV,Equipamento não localizado no PDV
SEM_INFORMACAO,Equipamento não localizado no PDV,Equipamento não localizado no PDV
SEM_INFORMACAO,Equipamento não localizado no PDV,Equipamento não localizado no PDV
Não funciona,Equipamento não localizado no PDV,Equipamento não localizado no PDV
Outros,Equipamento não localizado no PDV,Equipamento não localizado no PDV
SEM_INFORMACAO,Equipamento não localizado no PDV,Equipamento não localizado no PDV
SEM_INFORMACAO,Fonte de led queimado,Fonte de led queimado
SEM_INFORMACAO,Fonte de led queimado,Fonte de led queimado
SEM_INFORMACAO,Fonte de led queimado,Fonte de led queimado
SEM_INFORMACAO,Fonte de led queimado,Fonte de led queimado
SEM_INFORMACAO,Fonte de led queimado,Fonte de led queimado
SEM_INFORMACAO,Motor forçador com barulho,Motor forçador com barulho
SEM_INFORMACAO,Motor forçador com barulho,Motor forçador com barulho
SEM_INFORMACAO,PDV fechado,PDV fechado
Outros,PDV fechado,PDV fechado
Outros,PDV não localizado,PDV não localizado
SEM_INFORMACAO,Sem defeito,Sem defeito
SEM_INFORMACAO,Sem defeito,Sem defeito
SEM_INFORMACAO,Sem defeito,Sem defeito
SEM_INFORMACAO,Sem defeito,Sem defeito
SEM_INFORMACAO,Sem defeito,Sem defeito
SEM_INFORMACAO,Sem defeito,Sem defeito
SEM_INFORMACAO,Sem defeito,Sem defeito
SEM_INFORMACAO,Sem defeito,Sem defeito
SEM_INFORMACAO,Sem defeito,Sem defeito
SEM_INFORMACAO,Sem defeito,Sem defeito
SEM_INFORMACAO,Sem defeito,Sem defeito
SEM_INFORMACAO,Sem defeito,Sem defeito
SEM_INFORMACAO,Sem defeito,Sem defeito
SEM_INFORMACAO,Sensor da porta com defeito,Sensor da porta com defeito
SEM_INFORMACAO,Vazamento de água,Vazamento de água
SEM_INFORMACAO,Vazamento de água,Vazamento de água
SEM_INFORMACAO,Porta com defeito,Porta com defeito
SEM_INFORMACAO,Porta com defeito,Porta com defeito
SEM_INFORMACAO,Porta com defeito,Porta com defeito
SEM_INFORMACAO,Porta com defeito,Porta com defeito
SEM_INFORMACAO,Porta com defeito,Porta com defeito
SEM_INFORMACAO,Porta com defeito,Porta com defeito
SEM_INFORMACAO,Porta com defeito,Porta com defeito
SEM_INFORMACAO,Porta com defeito,Porta com defeito
SEM_INFORMACAO,Porta com defeito,Porta com defeito
Ordem de Piso,Porta com defeito,Porta com defeito
SEM_INFORMACAO,Lâmpada com defeito,Lâmpada com defeito
SEM_INFORMACAO,Lâmpada com defeito,Lâmpada com defeito
SEM_INFORMACAO,Lâmpada com defeito,Lâmpada com defeito
SEM_INFORMACAO,Lâmpada com defeito,Lâmpada com defeito
Ordem de Piso,Lâmpada com defeito,Lâmpada com defeito
SEM_INFORMACAO,Evaporador com vazamento,Evaporador com vazamento
SEM_INFORMACAO,Evaporador com vazamento,Evaporador com vazamento
SEM_INFORMACAO,Evaporador com vazamento,Evaporador com vazamento
SEM_INFORMACAO,Evaporador com vazamento,Evaporador com vazamento
Ordem de Piso,Evaporador com vazamento,Evaporador com vazamento
Não gela,Evaporador com vazamento,Evaporador com vazamento
BAIXO RENDIMENTO,Evaporador com vazamento,Evaporador com vazamento
SEM_INFORMACAO,Bandeja do Evaporador obstruído,Bandeja do Evaporador obstruído
Ordem de Piso,Bandeja do Evaporador obstruído,Bandeja do Evaporador obstruído
SEM_INFORMACAO,Condensador Obstruído,Condensador Obstruído
SEM_INFORMACAO,Condensador Obstruído,Condensador Obstruído
SEM_INFORMACAO,Condensador Obstruído,Condensador Obstruído
SEM_INFORMACAO,Condensador Obstruído,Condensador Obstruído
SEM_INFORMACAO,Condensador Obstruído,Condensador Obstruído
SEM_INFORMACAO,Condensador Obstruído,Condensador Obstruído
SEM_INFORMACAO,Condensador Obstruído,Condensador Obstruído
SEM_INFORMACAO,Condensador Obstruído,Condensador Obstruído
Ordem de Piso,Condensador Obstruído,Condensador Obstruído
SEM_INFORMACAO,Condensador com vazamento,Condensador com vazamento
SEM_INFORMACAO,Condensador com vazamento,Condensador com vazamento
SEM_INFORMACAO,Condensador com vazamento,Condensador com vazamento
SEM_INFORMACAO,Condensador com vazamento,Condensador com vazamento
SEM_INFORMACAO,Condensador com vazamento,Condensador com vazamento
SEM_INFORMACAO,Condensador com vazamento,Condensador com vazamento
SEM_INFORMACAO,Condensador com vazamento,Condensador com vazamento
SEM_INFORMACAO,Condensador com vazamento,Condensador com vazamento
SEM_INFORMACAO,Condensador com vazamento,Condensador com vazamento
SEM_INFORMACAO,Condensador com vazamento,Condensador com vazamento
Ordem de Piso,Condensador com vazamento,Condensador com vazamento
SEM_INFORMACAO,Condensador com vazamento,Condensador com vazamento
SEM_INFORMACAO,Compressor com defeito,Compressor com defeito
SEM_INFORMACAO,Compressor com defeito,Compressor com defeito
SEM_INFORMACAO,Compressor com defeito,Compressor com defeito
SEM_INFORMACAO,Compressor com defeito,Compressor com defeito
SEM_INFORMACAO,Compressor com defeito,Compressor com defeito
SEM_INFORMACAO,Compressor com defeito,Compressor com defeito
SEM_INFORMACAO,Compressor com defeito,Compressor com defeito
Ordem de Piso,Compressor com defeito,Compressor com defeito
SEM_INFORMACAO,Compressor com ruído,Compressor com ruído
SEM_INFORMACAO,Compressor com ruído,Compressor com ruído
SEM_INFORMACAO,Compressor com ruído,Compressor com ruído
SEM_INFORMACAO,Compressor com ruído,Compressor com ruído
SEM_INFORMACAO,Compressor com ruído,Compressor com ruído
SEM_INFORMACAO,Compressor com ruído,Compressor com ruído
SEM_INFORMACAO,Compressor com ruído,Compressor com ruído
Ordem de Piso,Compressor com ruído,Compressor com ruído
SEM_INFORMACAO,Compressor com alta temperatura,Compressor com alta temperatura
SEM_INFORMACAO,Compressor com alta temperatura,Compressor com alta temperatura
SEM_INFORMACAO,Compressor com alta temperatura,Compressor com alta temperatura
SEM_INFORMACAO,Compressor com alta temperatura,Compressor com alta temperatura
SEM_INFORMACAO,Compressor com alta temperatura,Compressor com alta temperatura
SEM_INFORMACAO,Compressor com alta temperatura,Compressor com alta temperatura
Ordem de Piso,Compressor com alta temperatura,Compressor com alta temperatura
SEM_INFORMACAO,Reservatório de água cheio,Reservatório de água cheio
SEM_INFORMACAO,Reservatório de água cheio,Reservatório de água cheio
SEM_INFORMACAO,Reservatório de água cheio,Reservatório de água cheio
SEM_INFORMACAO,Reservatório de água cheio,Reservatório de água cheio
SEM_INFORMACAO,Reservatório de água cheio,Reservatório de água cheio
SEM_INFORMACAO,Reservatório de água cheio,Reservatório de água cheio
SEM_INFORMACAO,Filtro Secador Obstruído,Filtro Secador Obstruído
SEM_INFORMACAO,Filtro Secador Obstruído,Filtro Secador Obstruído
SEM_INFORMACAO,Filtro Secador Obstruído,Filtro Secador Obstruído
SEM_INFORMACAO,Filtro Secador Obstruído,Filtro Secador Obstruído
SEM_INFORMACAO,Filtro Secador Obstruído,Filtro Secador Obstruído
SEM_INFORMACAO,Filtro Secador Obstruído,Filtro Secador Obstruído
SEM_INFORMACAO,Filtro Secador Obstruído,Filtro Secador Obstruído
SEM_INFORMACAO,Filtro Secador Obstruído,Filtro Secador Obstruído
Ordem de Piso,Filtro Secador Obstruído,Filtro Secador Obstruído
SEM_INFORMACAO,Micromotor Condensador Queimado,Micromotor Condensador Queimado
SEM_INFORMACAO,Micromotor Condensador Queimado,Micromotor Condensador Queimado
SEM_INFORMACAO,Micromotor Condensador Queimado,Micromotor Condensador Queimado
SEM_INFORMACAO,Micromotor Condensador Queimado,Micromotor Condensador Queimado
SEM_INFORMACAO,Micromotor Condensador Queimado,Micromotor Condensador Queimado
Ordem de Piso,Micromotor Condensador Queimado,Micromotor Condensador Queimado
SEM_INFORMACAO,Micromotor Condensador Queimado,Micromotor Condensador Queimado
Não gela,Micromotor Condensador Queimado,Micromotor Condensador Queimado
SEM_INFORMACAO,Micromotor Condensador com Ruído,Micromotor Condensador com Ruído
SEM_INFORMACAO,Micromotor Condensador com Ruído,Micromotor Condensador com Ruído
Ordem de Piso,Micromotor Condensador com Ruído,Micromotor Condensador com Ruído
Não gela,Micromotor Condensador com Ruído,Micromotor Condensador com Ruído
SEM_INFORMACAO,Micromotor Condensador com Ruído,Micromotor Condensador com Ruído
SEM_INFORMACAO,Micromotor Condensador Travado,Micromotor Condensador Travado
SEM_INFORMACAO,Micromotor Condensador Travado,Micromotor Condensador Travado
SEM_INFORMACAO,Micromotor Condensador Travado,Micromotor Condensador Travado
SEM_INFORMACAO,Micromotor Condensador Travado,Micromotor Condensador Travado
SEM_INFORMACAO,Micromotor Condensador Travado,Micromotor Condensador Travado
Não gela,Micromotor Condensador Travado,Micromotor Condensador Travado
Ordem de Piso,Micromotor Condensador Travado,Micromotor Condensador Travado
SEM_INFORMACAO,Micromotor Condensador Travado,Micromotor Condensador Travado
SEM_INFORMACAO,Hélice de Micromotor Condensador Quebrado,Hélice de Micromotor Condensador Quebrado
SEM_INFORMACAO,Hélice de Micromotor Condensador Quebrado,Hélice de Micromotor Condensador Quebrado
SEM_INFORMACAO,Hélice de Micromotor Condensador Quebrado,Hélice de Micromotor Condensador Quebrado
SEM_INFORMACAO,Hélice de Micromotor Condensador Quebrado,Hélice de Micromotor Condensador Quebrado
Ordem de Piso,Hélice de Micromotor Condensador Quebrado,Hélice de Micromotor Condensador Quebrado
SEM_INFORMACAO,Micromotor Evaporador Queimado,Micromotor Evaporador Queimado
SEM_INFORMACAO,Micromotor Evaporador Queimado,Micromotor Evaporador Queimado
SEM_INFORMACAO,Micromotor Evaporador Queimado,Micromotor Evaporador Queimado
SEM_INFORMACAO,Micromotor Evaporador Queimado,Micromotor Evaporador Queimado
SEM_INFORMACAO,Micromotor Evaporador Queimado,Micromotor Evaporador Queimado
Ordem de Piso,Micromotor Evaporador Queimado,Micromotor Evaporador Queimado
SEM_INFORMACAO,Micromotor Evaporador Queimado,Micromotor Evaporador Queimado
Não gela,Micromotor Evaporador Queimado,Micromotor Evaporador Queimado
SEM_INFORMACAO,Micromotor Evaporador com Ruído,Micromotor Evaporador com Ruído
SEM_INFORMACAO,Micromotor Evaporador com Ruído,Micromotor Evaporador com Ruído
SEM_INFORMACAO,Micromotor Evaporador com Ruído,Micromotor Evaporador com Ruído
SEM_INFORMACAO,Micromotor Evaporador com Ruído,Micromotor Evaporador com Ruído
SEM_INFORMACAO,Micromotor Evaporador com Ruído,Micromotor Evaporador com Ruído
Não gela,Micromotor Evaporador com Ruído,Micromotor Evaporador com Ruído
Ordem de Piso,Micromotor Evaporador com Ruído,Micromotor Evaporador com Ruído
SEM_INFORMACAO,Micromotor Evaporador com Ruído,Micromotor Evaporador com Ruído
SEM_INFORMACAO,Micromotor Evaporador Travado,Micromotor Evaporador Travado
SEM_INFORMACAO,Micromotor Evaporador Travado,Micromotor Evaporador Travado
SEM_INFORMACAO,Micromotor Evaporador Travado,Micromotor Evaporador Travado
SEM_INFORMACAO,Micromotor Evaporador Travado,Micromotor Evaporador Travado
SEM_INFORMACAO,Micromotor Evaporador Travado,Micromotor Evaporador Travado
SEM_INFORMACAO,Micromotor Evaporador Travado,Micromotor Evaporador Travado
Não gela,Micromotor Evaporador Travado,Micromotor Evaporador Travado
Ordem de Piso,Micromotor Evaporador Travado,Micromotor Evaporador Travado
SEM_INFORMACAO,Hélice  de Micromotor Evaporador  Quebrado,Hélice  de Micromotor Evaporador  Quebrado
SEM_INFORMACAO,Hélice  de Micromotor Evaporador  Quebrado,Hélice  de Micromotor Evaporador  Quebrado
SEM_INFORMACAO,Hélice  de Micromotor Evaporador  Quebrado,Hélice  de Micromotor Evaporador  Quebrado
SEM_INFORMACAO,Hélice  de Micromotor Evaporador  Quebrado,Hélice  de Micromotor Evaporador  Quebrado
SEM_INFORMACAO,Hélice  de Micromotor Evaporador  Quebrado,Hélice  de Micromotor Evaporador  Quebrado
SEM_INFORMACAO,Hélice  de Micromotor Evaporador  Quebrado,Hélice  de Micromotor Evaporador  Quebrado
Não gela,Hélice  de Micromotor Evaporador  Quebrado,Hélice  de Micromotor Evaporador  Quebrado
SEM_INFORMACAO,Hélice  de Micromotor Evaporador  Quebrado,Hélice  de Micromotor Evaporador  Quebrado
Ordem de Piso,Hélice  de Micromotor Evaporador  Quebrado,Hélice  de Micromotor Evaporador  Quebrado
SEM_INFORMACAO,Gás Refrigerante Insuficiente,Gás Refrigerante Insuficiente
Ordem de Piso,Gás Refrigerante Insuficiente,Gás Refrigerante Insuficiente
SEM_INFORMACAO,Sem Gás Refrigerante,Sem Gás Refrigerante
Ordem de Piso,Sem Gás Refrigerante,Sem Gás Refrigerante
SEM_INFORMACAO,Vazamento de Gás Refrigerante,Vazamento de Gás Refrigerante
SEM_INFORMACAO,Vazamento de Gás Refrigerante,Vazamento de Gás Refrigerante
SEM_INFORMACAO,Vazamento de Gás Refrigerante,Vazamento de Gás Refrigerante
SEM_INFORMACAO,Vazamento de Gás Refrigerante,Vazamento de Gás Refrigerante
SEM_INFORMACAO,Vazamento de Gás Refrigerante,Vazamento de Gás Refrigerante
SEM_INFORMACAO,Vazamento de Gás Refrigerante,Vazamento de Gás Refrigerante
SEM_INFORMACAO,Vazamento de Gás Refrigerante,Vazamento de Gás Refrigerante
SEM_INFORMACAO,Vazamento de Gás Refrigerante,Vazamento de Gás Refrigerante
SEM_INFORMACAO,Vazamento de Gás Refrigerante,Vazamento de Gás Refrigerante
SEM_INFORMACAO,Vazamento de Gás Refrigerante,Vazamento de Gás Refrigerante
SEM_INFORMACAO,Vazamento de Gás Refrigerante,Vazamento de Gás Refrigerante
Não gela,Vazamento de Gás Refrigerante,Vazamento de Gás Refrigerante
Ordem de Piso,Vazamento de Gás Refrigerante,Vazamento de Gás Refrigerante
SEM_INFORMACAO,Tubo Capilar Obstruído,Tubo Capilar Obstruído
SEM_INFORMACAO,Tubo Capilar Obstruído,Tubo Capilar Obstruído
SEM_INFORMACAO,Tubo Capilar Obstruído,Tubo Capilar Obstruído
SEM_INFORMACAO,Tubo Capilar Obstruído,Tubo Capilar Obstruído
SEM_INFORMACAO,Tubo Capilar Obstruído,Tubo Capilar Obstruído
Ordem de Piso,Tubo Capilar Obstruído,Tubo Capilar Obstruído
SEM_INFORMACAO,Sensor  de Temperatura com Defeito,Sensor  de Temperatura com Defeito
SEM_INFORMACAO,Sensor  de Temperatura com Defeito,Sensor  de Temperatura com Defeito
SEM_INFORMACAO,Sensor  de Temperatura com Defeito,Sensor  de Temperatura com Defeito
SEM_INFORMACAO,Sensor  de Temperatura com Defeito,Sensor  de Temperatura com Defeito
SEM_INFORMACAO,Sensor  de Temperatura com Defeito,Sensor  de Temperatura com Defeito
SEM_INFORMACAO,Sensor  de Temperatura com Defeito,Sensor  de Temperatura com Defeito
SEM_INFORMACAO,Sensor  de Temperatura com Defeito,Sensor  de Temperatura com Defeito
SEM_INFORMACAO,Sensor  de Temperatura com Defeito,Sensor  de Temperatura com Defeito
Ordem de Piso,Sensor  de Temperatura com Defeito,Sensor  de Temperatura com Defeito
Não gela,Sensor  de Temperatura com Defeito,Sensor  de Temperatura com Defeito
SEM_INFORMACAO,Controlador com defeito,Controlador com defeito
SEM_INFORMACAO,Controlador com defeito,Controlador com defeito
SEM_INFORMACAO,Controlador com defeito,Controlador com defeito
SEM_INFORMACAO,Controlador com defeito,Controlador com defeito
SEM_INFORMACAO,Controlador com defeito,Controlador com defeito
SEM_INFORMACAO,Controlador com defeito,Controlador com defeito
SEM_INFORMACAO,Controlador com defeito,Controlador com defeito
Ordem de Piso,Controlador com defeito,Controlador com defeito
Outros,Controlador com defeito,Controlador com defeito
CONTROLADOR,Controlador com defeito,Controlador com defeito
SEM_INFORMACAO,Controlador com defeito,Controlador com defeito
SEM_INFORMACAO,Transformador queimado,Transformador queimado
SEM_INFORMACAO,Transformador queimado,Transformador queimado
SEM_INFORMACAO,Transformador queimado,Transformador queimado
SEM_INFORMACAO,Transformador queimado,Transformador queimado
SEM_INFORMACAO,Transformador queimado,Transformador queimado
Ordem de Piso,Transformador queimado,Transformador queimado
SEM_INFORMACAO,Termostato do Evaporador com defeito,Termostato do Evaporador com defeito
SEM_INFORMACAO,Termostato do Evaporador com defeito,Termostato do Evaporador com defeito
SEM_INFORMACAO,Termostato do Evaporador com defeito,Termostato do Evaporador com defeito
SEM_INFORMACAO,Termostato do Evaporador com defeito,Termostato do Evaporador com defeito
SEM_INFORMACAO,Termostato do Evaporador com defeito,Termostato do Evaporador com defeito
SEM_INFORMACAO,Termostato do Evaporador com defeito,Termostato do Evaporador com defeito
SEM_INFORMACAO,Termostato do Evaporador com defeito,Termostato do Evaporador com defeito
Ordem de Piso,Termostato do Evaporador com defeito,Termostato do Evaporador com defeito
SEM_INFORMACAO,Resistência do Evaporador queimado,Resistência do Evaporador queimado
SEM_INFORMACAO,Resistência do Evaporador queimado,Resistência do Evaporador queimado
SEM_INFORMACAO,Resistência do Evaporador queimado,Resistência do Evaporador queimado
SEM_INFORMACAO,Resistência do Evaporador queimado,Resistência do Evaporador queimado
SEM_INFORMACAO,Resistência do Evaporador queimado,Resistência do Evaporador queimado
SEM_INFORMACAO,Resistência do Evaporador queimado,Resistência do Evaporador queimado
Ordem de Piso,Resistência do Evaporador queimado,Resistência do Evaporador queimado
SEM_INFORMACAO,Capacitor do Condensador Queimado,Capacitor do Condensador Queimado
SEM_INFORMACAO,Capacitor do Condensador Queimado,Capacitor do Condensador Queimado
SEM_INFORMACAO,Capacitor do Condensador Queimado,Capacitor do Condensador Queimado
SEM_INFORMACAO,Capacitor do Condensador Queimado,Capacitor do Condensador Queimado
Ordem de Piso,Capacitor do Condensador Queimado,Capacitor do Condensador Queimado
SEM_INFORMACAO,Cabo de alimentação com mau contato,Cabo de alimentação com mau contato
SEM_INFORMACAO,Cabo de alimentação com mau contato,Cabo de alimentação com mau contato
SEM_INFORMACAO,Cabo de alimentação com mau contato,Cabo de alimentação com mau contato
SEM_INFORMACAO,Cabo de alimentação com mau contato,Cabo de alimentação com mau contato
SEM_INFORMACAO,Cabo de alimentação com mau contato,Cabo de alimentação com mau contato
SEM_INFORMACAO,Cabo de alimentação com mau contato,Cabo de alimentação com mau contato
SEM_INFORMACAO,Cabo de alimentação com mau contato,Cabo de alimentação com mau contato
SEM_INFORMACAO,Cabo de alimentação com mau contato,Cabo de alimentação com mau contato
Ordem de Piso,Cabo de alimentação com mau contato,Cabo de alimentação com mau contato
Dando choque,Cabo de alimentação com mau contato,Cabo de alimentação com mau contato
SEM_INFORMACAO,Plug quebrado,Plug quebrado
SEM_INFORMACAO,Plug quebrado,Plug quebrado
Ordem de Piso,Plug quebrado,Plug quebrado
Não gela,Plug quebrado,Plug quebrado
SEM_INFORMACAO,Plug desconectado,Plug desconectado
SEM_INFORMACAO,Plug desconectado,Plug desconectado
SEM_INFORMACAO,Plug desconectado,Plug desconectado
Ordem de Piso,Plug desconectado,Plug desconectado
SEM_INFORMACAO,Cabo do Display com mau contato,Cabo do Display com mau contato
SEM_INFORMACAO,Cabo do Display com mau contato,Cabo do Display com mau contato
SEM_INFORMACAO,Cabo do Display com mau contato,Cabo do Display com mau contato
SEM_INFORMACAO,Cabo do Display com mau contato,Cabo do Display com mau contato
SEM_INFORMACAO,Cabo do Display com mau contato,Cabo do Display com mau contato
SEM_INFORMACAO,Cabo do Display com mau contato,Cabo do Display com mau contato
SEM_INFORMACAO,Cabo do Display com mau contato,Cabo do Display com mau contato
Ordem de Piso,Cabo do Display com mau contato,Cabo do Display com mau contato
SEM_INFORMACAO,Fusível do Termostato queimado,Fusível do Termostato queimado
Ordem de Piso,Fusível do Termostato queimado,Fusível do Termostato queimado
SEM_INFORMACAO,Relé queimado,Relé queimado
SEM_INFORMACAO,Relé queimado,Relé queimado
SEM_INFORMACAO,Relé queimado,Relé queimado
Ordem de Piso,Relé queimado,Relé queimado
SEM_INFORMACAO,Tomada do PDV com defeito,Tomada do PDV com defeito
SEM_INFORMACAO,Tomada do PDV com defeito,Tomada do PDV com defeito
SEM_INFORMACAO,Tomada do PDV com defeito,Tomada do PDV com defeito
Ordem de Piso,Tomada do PDV com defeito,Tomada do PDV com defeito
Outros,Tomada do PDV com defeito,Tomada do PDV com defeito
SEM_INFORMACAO,Tomada do PDV sem energia,Tomada do PDV sem energia
SEM_INFORMACAO,Tomada do PDV sem energia,Tomada do PDV sem energia
SEM_INFORMACAO,Tomada do PDV sem energia,Tomada do PDV sem energia
Ordem de Piso,Tomada do PDV sem energia,Tomada do PDV sem energia
SEM_INFORMACAO,Reator queimado,Reator queimado
SEM_INFORMACAO,Reator queimado,Reator queimado
SEM_INFORMACAO,Reator queimado,Reator queimado
SEM_INFORMACAO,Reator queimado,Reator queimado
SEM_INFORMACAO,Reator queimado,Reator queimado
SEM_INFORMACAO,Reator queimado,Reator queimado
Ordem de Piso,Reator queimado,Reator queimado
SEM_INFORMACAO,Equipamento em curto,Equipamento em curto
SEM_INFORMACAO,Equipamento em curto,Equipamento em curto
SEM_INFORMACAO,Equipamento em curto,Equipamento em curto
SEM_INFORMACAO,Equipamento em curto,Equipamento em curto
SEM_INFORMACAO,Equipamento em curto,Equipamento em curto
SEM_INFORMACAO,Equipamento em curto,Equipamento em curto
Ordem de Piso,Equipamento em curto,Equipamento em curto
SEM_INFORMACAO,Interruptor de aleta com defeito,Interruptor de aleta com defeito
SEM_INFORMACAO,Interruptor de aleta com defeito,Interruptor de aleta com defeito
SEM_INFORMACAO,Interruptor de aleta com defeito,Interruptor de aleta com defeito
Não gela,Interruptor de aleta com defeito,Interruptor de aleta com defeito
Ordem de Piso,Interruptor de aleta com defeito,Interruptor de aleta com defeito
SEM_INFORMACAO,Protetor da Lâmpada com defeito,Protetor da Lâmpada com defeito
SEM_INFORMACAO,Protetor da Lâmpada com defeito,Protetor da Lâmpada com defeito
SEM_INFORMACAO,Protetor da Lâmpada com defeito,Protetor da Lâmpada com defeito
SEM_INFORMACAO,Protetor da Lâmpada com defeito,Protetor da Lâmpada com defeito
Ordem de Piso,Protetor da Lâmpada com defeito,Protetor da Lâmpada com defeito
SEM_INFORMACAO,Fonte 12/24 V com defeito,Fonte 12/24 V com defeito
SEM_INFORMACAO,Fonte 12/24 V com defeito,Fonte 12/24 V com defeito
SEM_INFORMACAO,Fonte 12/24 V com defeito,Fonte 12/24 V com defeito
SEM_INFORMACAO,Fonte 12/24 V com defeito,Fonte 12/24 V com defeito
SEM_INFORMACAO,Fonte 12/24 V com defeito,Fonte 12/24 V com defeito
SEM_INFORMACAO,Fonte 12/24 V com defeito,Fonte 12/24 V com defeito
SEM_INFORMACAO,Fonte 12/24 V com defeito,Fonte 12/24 V com defeito
Ordem de Piso,Fonte 12/24 V com defeito,Fonte 12/24 V com defeito
SEM_INFORMACAO,Equipamento desnivelado,Equipamento desnivelado
SEM_INFORMACAO,Equipamento desnivelado,Equipamento desnivelado
SEM_INFORMACAO,Equipamento desnivelado,Equipamento desnivelado
SEM_INFORMACAO,Equipamento desnivelado,Equipamento desnivelado
SEM_INFORMACAO,Equipamento desnivelado,Equipamento desnivelado
SEM_INFORMACAO,Equipamento desnivelado,Equipamento desnivelado
SEM_INFORMACAO,Equipamento desnivelado,Equipamento desnivelado
SEM_INFORMACAO,Equipamento desnivelado,Equipamento desnivelado
SEM_INFORMACAO,Equipamento desnivelado,Equipamento desnivelado
Ordem de Piso,Equipamento desnivelado,Equipamento desnivelado
SEM_INFORMACAO,Equipamento em mau estado,Equipamento em mau estado
SEM_INFORMACAO,Equipamento em mau estado,Equipamento em mau estado
SEM_INFORMACAO,Equipamento em mau estado,Equipamento em mau estado
SEM_INFORMACAO,Equipamento em mau estado,Equipamento em mau estado
SEM_INFORMACAO,Equipamento em mau estado,Equipamento em mau estado
SEM_INFORMACAO,Equipamento em mau estado,Equipamento em mau estado
SEM_INFORMACAO,Equipamento em mau estado,Equipamento em mau estado
SEM_INFORMACAO,Equipamento em mau estado,Equipamento em mau estado
SEM_INFORMACAO,Equipamento em mau estado,Equipamento em mau estado
SEM_INFORMACAO,Equipamento em mau estado,Equipamento em mau estado
SEM_INFORMACAO,Equipamento em mau estado,Equipamento em mau estado
SEM_INFORMACAO,Equipamento em mau estado,Equipamento em mau estado
SEM_INFORMACAO,Equipamento em mau estado,Equipamento em mau estado
Ordem de Piso,Equipamento em mau estado,Equipamento em mau estado
SEM_INFORMACAO,Prateleira com Defeito,Prateleira com Defeito
SEM_INFORMACAO,Prateleira com Defeito,Prateleira com Defeito
SEM_INFORMACAO,Prateleira com Defeito,Prateleira com Defeito
SEM_INFORMACAO,Prateleira com Defeito,Prateleira com Defeito
SEM_INFORMACAO,Prateleira com Defeito,Prateleira com Defeito
SEM_INFORMACAO,Prateleira com Defeito,Prateleira com Defeito
Ordem de Piso,Prateleira com Defeito,Prateleira com Defeito
Não gela,Prateleira com Defeito,Prateleira com Defeito
SEM_INFORMACAO,Falta Prateleira,Falta Prateleira
SEM_INFORMACAO,Falta Prateleira,Falta Prateleira
SEM_INFORMACAO,Falta Prateleira,Falta Prateleira
SEM_INFORMACAO,Falta Prateleira,Falta Prateleira
Ordem de Piso,Falta Prateleira,Falta Prateleira
SEM_INFORMACAO,Gabinete quebrado,Gabinete quebrado
SEM_INFORMACAO,Gabinete quebrado,Gabinete quebrado
SEM_INFORMACAO,Gabinete quebrado,Gabinete quebrado
SEM_INFORMACAO,Gabinete quebrado,Gabinete quebrado
SEM_INFORMACAO,Gabinete quebrado,Gabinete quebrado
SEM_INFORMACAO,Gabinete quebrado,Gabinete quebrado
SEM_INFORMACAO,Gabinete quebrado,Gabinete quebrado
SEM_INFORMACAO,Gabinete quebrado,Gabinete quebrado
Ordem de Piso,Gabinete quebrado,Gabinete quebrado
SEM_INFORMACAO,Gabinete empenado,Gabinete empenado
SEM_INFORMACAO,Gabinete empenado,Gabinete empenado
SEM_INFORMACAO,Gabinete empenado,Gabinete empenado
SEM_INFORMACAO,Gabinete empenado,Gabinete empenado
SEM_INFORMACAO,Gabinete empenado,Gabinete empenado
SEM_INFORMACAO,Gabinete empenado,Gabinete empenado
Ordem de Piso,Gabinete empenado,Gabinete empenado
SEM_INFORMACAO,Grade Traseira Inferior com defeito,Grade Traseira Inferior com defeito
SEM_INFORMACAO,Grade Traseira Inferior com defeito,Grade Traseira Inferior com defeito
SEM_INFORMACAO,Grade Traseira Inferior com defeito,Grade Traseira Inferior com defeito
SEM_INFORMACAO,Grade Traseira Inferior com defeito,Grade Traseira Inferior com defeito
SEM_INFORMACAO,Grade Traseira Inferior com defeito,Grade Traseira Inferior com defeito
SEM_INFORMACAO,Grade Traseira Inferior com defeito,Grade Traseira Inferior com defeito
SEM_INFORMACAO,Grade Traseira Inferior com defeito,Grade Traseira Inferior com defeito
Ordem de Piso,Grade Traseira Inferior com defeito,Grade Traseira Inferior com defeito
SEM_INFORMACAO,Grade Traseira Inferior Oxidada,Grade Traseira Inferior Oxidada
SEM_INFORMACAO,Grade Traseira Inferior Oxidada,Grade Traseira Inferior Oxidada
SEM_INFORMACAO,Grade Traseira Inferior Oxidada,Grade Traseira Inferior Oxidada
SEM_INFORMACAO,Grade Traseira Inferior Oxidada,Grade Traseira Inferior Oxidada
SEM_INFORMACAO,Grade Traseira Inferior Oxidada,Grade Traseira Inferior Oxidada
SEM_INFORMACAO,Grade Traseira Inferior Oxidada,Grade Traseira Inferior Oxidada
Ordem de Piso,Grade Traseira Inferior Oxidada,Grade Traseira Inferior Oxidada
SEM_INFORMACAO,Grade Frontal Veneziana quebrado,Grade Frontal Veneziana quebrado
SEM_INFORMACAO,Grade Frontal Veneziana quebrado,Grade Frontal Veneziana quebrado
SEM_INFORMACAO,Grade Frontal Veneziana quebrado,Grade Frontal Veneziana quebrado
SEM_INFORMACAO,Grade Frontal Veneziana quebrado,Grade Frontal Veneziana quebrado
SEM_INFORMACAO,Grade Frontal Veneziana quebrado,Grade Frontal Veneziana quebrado
SEM_INFORMACAO,Grade Frontal Veneziana quebrado,Grade Frontal Veneziana quebrado
Ordem de Piso,Grade Frontal Veneziana quebrado,Grade Frontal Veneziana quebrado
Não gela,Grade Frontal Veneziana quebrado,Grade Frontal Veneziana quebrado
Não liga,Grade Frontal Veneziana quebrado,Grade Frontal Veneziana quebrado
SEM_INFORMACAO,Falta Grade Frontal Veneziana,Falta Grade Frontal Veneziana
Ordem de Piso,Falta Grade Frontal Veneziana,Falta Grade Frontal Veneziana
SEM_INFORMACAO,Bandeja do Evaporador Danificada,Bandeja do Evaporador Danificada
SEM_INFORMACAO,Bandeja do Evaporador Danificada,Bandeja do Evaporador Danificada
SEM_INFORMACAO,Bandeja do Evaporador Danificada,Bandeja do Evaporador Danificada
SEM_INFORMACAO,Bandeja do Evaporador Danificada,Bandeja do Evaporador Danificada
SEM_INFORMACAO,Bandeja do Evaporador Danificada,Bandeja do Evaporador Danificada
SEM_INFORMACAO,Bandeja do Evaporador Danificada,Bandeja do Evaporador Danificada
SEM_INFORMACAO,Bandeja do Evaporador Danificada,Bandeja do Evaporador Danificada
SEM_INFORMACAO,Bandeja do Evaporador Danificada,Bandeja do Evaporador Danificada
Ordem de Piso,Bandeja do Evaporador Danificada,Bandeja do Evaporador Danificada
Não gela,Bandeja do Evaporador Danificada,Bandeja do Evaporador Danificada
SEM_INFORMACAO,Bandeja do Evaporador Danificada,Bandeja do Evaporador Danificada
SEM_INFORMACAO,Falta Bandeja do Evaporador,Falta Bandeja do Evaporador
SEM_INFORMACAO,Falta Bandeja do Evaporador,Falta Bandeja do Evaporador
Ordem de Piso,Falta Bandeja do Evaporador,Falta Bandeja do Evaporador
SEM_INFORMACAO,Bandeja do Evaporador solta,Bandeja do Evaporador solta
SEM_INFORMACAO,Bandeja do Evaporador solta,Bandeja do Evaporador solta
SEM_INFORMACAO,Bandeja do Evaporador solta,Bandeja do Evaporador solta
SEM_INFORMACAO,Bandeja do Evaporador solta,Bandeja do Evaporador solta
SEM_INFORMACAO,Bandeja do Evaporador solta,Bandeja do Evaporador solta
Ordem de Piso,Bandeja do Evaporador solta,Bandeja do Evaporador solta
Não gela,Bandeja do Evaporador solta,Bandeja do Evaporador solta
Bandeja interna solta,Bandeja do Evaporador solta,Bandeja do Evaporador solta
SEM_INFORMACAO,Bandeja do Evaporador solta,Bandeja do Evaporador solta
SEM_INFORMACAO,Moldura do Suporte do Display solta,Moldura do Suporte do Display solta
SEM_INFORMACAO,Moldura do Suporte do Display solta,Moldura do Suporte do Display solta
SEM_INFORMACAO,Moldura do Suporte do Display solta,Moldura do Suporte do Display solta
SEM_INFORMACAO,Moldura do Suporte do Display solta,Moldura do Suporte do Display solta
SEM_INFORMACAO,Moldura do Suporte do Display solta,Moldura do Suporte do Display solta
SEM_INFORMACAO,Moldura do Suporte do Display solta,Moldura do Suporte do Display solta
Ordem de Piso,Moldura do Suporte do Display solta,Moldura do Suporte do Display solta
SEM_INFORMACAO,Caixa de Proteção do Display Superior solta,Caixa de Proteção do Display Superior solta
SEM_INFORMACAO,Caixa de Proteção do Display Superior solta,Caixa de Proteção do Display Superior solta
SEM_INFORMACAO,Caixa de Proteção do Display Superior solta,Caixa de Proteção do Display Superior solta
Ordem de Piso,Caixa de Proteção do Display Superior solta,Caixa de Proteção do Display Superior solta
SEM_INFORMACAO,Caixa de proteção do Controlador Inferior solta,Caixa de proteção do Controlador Inferior solta
SEM_INFORMACAO,Caixa de proteção do Controlador Inferior solta,Caixa de proteção do Controlador Inferior solta
SEM_INFORMACAO,Caixa de proteção do Controlador Inferior solta,Caixa de proteção do Controlador Inferior solta
SEM_INFORMACAO,Caixa de proteção do Controlador Inferior solta,Caixa de proteção do Controlador Inferior solta
SEM_INFORMACAO,Caixa de proteção do Controlador Inferior solta,Caixa de proteção do Controlador Inferior solta
SEM_INFORMACAO,Caixa de proteção do Controlador Inferior solta,Caixa de proteção do Controlador Inferior solta
Ordem de Piso,Caixa de proteção do Controlador Inferior solta,Caixa de proteção do Controlador Inferior solta
SEM_INFORMACAO,Equipamento sem problemas,Equipamento sem problemas
SEM_INFORMACAO,Equipamento sem problemas,Equipamento sem problemas
SEM_INFORMACAO,Equipamento sem problemas,Equipamento sem problemas
SEM_INFORMACAO,Equipamento sem problemas,Equipamento sem problemas
SEM_INFORMACAO,Equipamento sem problemas,Equipamento sem problemas
SEM_INFORMACAO,Equipamento sem problemas,Equipamento sem problemas
SEM_INFORMACAO,Equipamento sem problemas,Equipamento sem problemas
SEM_INFORMACAO,Equipamento sem problemas,Equipamento sem problemas
SEM_INFORMACAO,Equipamento sem problemas,Equipamento sem problemas
Ordem de Piso,Equipamento sem problemas,Equipamento sem problemas
SEM_INFORMACAO,Peça de equipamento absoleto,Peça de equipamento absoleto
SEM_INFORMACAO,Peça de equipamento absoleto,Peça de equipamento absoleto
SEM_INFORMACAO,Peça de equipamento absoleto,Peça de equipamento absoleto
Ordem de Piso,Peça de equipamento absoleto,Peça de equipamento absoleto
Não gela,Peça de equipamento absoleto,Peça de equipamento absoleto
SEM_INFORMACAO,Equipamento Oxidado,Equipamento Oxidado
SEM_INFORMACAO,Equipamento Oxidado,Equipamento Oxidado
SEM_INFORMACAO,Equipamento Oxidado,Equipamento Oxidado
SEM_INFORMACAO,Equipamento Oxidado,Equipamento Oxidado
SEM_INFORMACAO,Equipamento Oxidado,Equipamento Oxidado
SEM_INFORMACAO,Equipamento Oxidado,Equipamento Oxidado
Ordem de Piso,Equipamento Oxidado,Equipamento Oxidado
SEM_INFORMACAO,Sem Condicões de manut. no local,Sem Condicões de manut. no local
SEM_INFORMACAO,Sem Condicões de manut. no local,Sem Condicões de manut. no local
SEM_INFORMACAO,Sem Condicões de manut. no local,Sem Condicões de manut. no local
SEM_INFORMACAO,Sem Condicões de manut. no local,Sem Condicões de manut. no local
SEM_INFORMACAO,Sem Condicões de manut. no local,Sem Condicões de manut. no local
SEM_INFORMACAO,Sem Condicões de manut. no local,Sem Condicões de manut. no local
SEM_INFORMACAO,Sem Condicões de manut. no local,Sem Condicões de manut. no local
SEM_INFORMACAO,Sem Condicões de manut. no local,Sem Condicões de manut. no local
SEM_INFORMACAO,Sem Condicões de manut. no local,Sem Condicões de manut. no local
SEM_INFORMACAO,Sem Condicões de manut. no local,Sem Condicões de manut. no local
SEM_INFORMACAO,Sem Condicões de manut. no local,Sem Condicões de manut. no local
SEM_INFORMACAO,Sem Condicões de manut. no local,Sem Condicões de manut. no local
SEM_INFORMACAO,Sem Condicões de manut. no local,Sem Condicões de manut. no local
SEM_INFORMACAO,Sem Condicões de manut. no local,Sem Condicões de manut. no local
SEM_INFORMACAO,Sem Condicões de manut. no local,Sem Condicões de manut. no local
SEM_INFORMACAO,Sem Condicões de manut. no local,Sem Condicões de manut. no local
SEM_INFORMACAO,Sem Condicões de manut. no local,Sem Condicões de manut. no local
SEM_INFORMACAO,Sem Condicões de manut. no local,Sem Condicões de manut. no local
SEM_INFORMACAO,Sem Condicões de manut. no local,Sem Condicões de manut. no local
SEM_INFORMACAO,Sem Condicões de manut. no local,Sem Condicões de manut. no local
Ordem de Piso,Sem Condicões de manut. no local,Sem Condicões de manut. no local
SEM_INFORMACAO,Gaxeta Danificada,Gaxeta Danificada
SEM_INFORMACAO,Gaxeta Danificada,Gaxeta Danificada
SEM_INFORMACAO,Gaxeta Danificada,Gaxeta Danificada
SEM_INFORMACAO,Gaxeta Danificada,Gaxeta Danificada
SEM_INFORMACAO,Gaxeta Danificada,Gaxeta Danificada
SEM_INFORMACAO,Gaxeta Danificada,Gaxeta Danificada
SEM_INFORMACAO,Gaxeta Danificada,Gaxeta Danificada
Ordem de Piso,Gaxeta Danificada,Gaxeta Danificada
Não gela,Gaxeta Danificada,Gaxeta Danificada
SEM_INFORMACAO,Puxador da Porta Danificado,Puxador da Porta Danificado
SEM_INFORMACAO,Puxador da Porta Danificado,Puxador da Porta Danificado
SEM_INFORMACAO,Puxador da Porta Danificado,Puxador da Porta Danificado
SEM_INFORMACAO,Puxador da Porta Danificado,Puxador da Porta Danificado
Ordem de Piso,Puxador da Porta Danificado,Puxador da Porta Danificado
SEM_INFORMACAO,Dobradiça com defeito,Dobradiça com defeito
SEM_INFORMACAO,Dobradiça com defeito,Dobradiça com defeito
SEM_INFORMACAO,Dobradiça com defeito,Dobradiça com defeito
Ordem de Piso,Dobradiça com defeito,Dobradiça com defeito
Não gela,Dobradiça com defeito,Dobradiça com defeito
SEM_INFORMACAO,Dobradiça com defeito,Dobradiça com defeito
SEM_INFORMACAO,Dreno Obstruído,Dreno Obstruído
SEM_INFORMACAO,Dreno Obstruído,Dreno Obstruído
SEM_INFORMACAO,Dreno Obstruído,Dreno Obstruído
SEM_INFORMACAO,Dreno Obstruído,Dreno Obstruído
SEM_INFORMACAO,Dreno Obstruído,Dreno Obstruído
SEM_INFORMACAO,Dreno Obstruído,Dreno Obstruído
Ordem de Piso,Dreno Obstruído,Dreno Obstruído
SEM_INFORMACAO,Dreno com Vazamento,Dreno com Vazamento
SEM_INFORMACAO,Dreno com Vazamento,Dreno com Vazamento
SEM_INFORMACAO,Dreno com Vazamento,Dreno com Vazamento
Vazamento de água,Dreno com Vazamento,Dreno com Vazamento
Ordem de Piso,Dreno com Vazamento,Dreno com Vazamento
SEM_INFORMACAO,Compressor com Corrente Alta,Compressor com Corrente Alta
SEM_INFORMACAO,Compressor com Corrente Alta,Compressor com Corrente Alta
SEM_INFORMACAO,Compressor com Corrente Alta,Compressor com Corrente Alta
SEM_INFORMACAO,Compressor com Corrente Alta,Compressor com Corrente Alta
SEM_INFORMACAO,Compressor com Corrente Alta,Compressor com Corrente Alta
SEM_INFORMACAO,Compressor com Corrente Alta,Compressor com Corrente Alta
SEM_INFORMACAO,Compressor com Corrente Alta,Compressor com Corrente Alta
Ordem de Piso,Compressor com Corrente Alta,Compressor com Corrente Alta
SEM_INFORMACAO,Start Danificado,Start Danificado
SEM_INFORMACAO,Start Danificado,Start Danificado
SEM_INFORMACAO,Start Danificado,Start Danificado
SEM_INFORMACAO,Start Danificado,Start Danificado
SEM_INFORMACAO,Start Danificado,Start Danificado
SEM_INFORMACAO,Start Danificado,Start Danificado
Ordem de Piso,Start Danificado,Start Danificado
SEM_INFORMACAO,Display danificado,Display danificado
SEM_INFORMACAO,Display danificado,Display danificado
SEM_INFORMACAO,Display danificado,Display danificado
SEM_INFORMACAO,Display danificado,Display danificado
SEM_INFORMACAO,Display danificado,Display danificado
SEM_INFORMACAO,Display danificado,Display danificado
Ordem de Piso,Display danificado,Display danificado
SEM_INFORMACAO,Tubo Capilar com vazamento,Tubo Capilar com vazamento
SEM_INFORMACAO,Tubo Capilar com vazamento,Tubo Capilar com vazamento
SEM_INFORMACAO,Tubo Capilar com vazamento,Tubo Capilar com vazamento
SEM_INFORMACAO,Tubo Capilar com vazamento,Tubo Capilar com vazamento
Ordem de Piso,Tubo Capilar com vazamento,Tubo Capilar com vazamento
SEM_INFORMACAO,Tubo Capilar com vazamento,Tubo Capilar com vazamento
SEM_INFORMACAO,Cabo de alimentação rompido,Cabo de alimentação rompido
SEM_INFORMACAO,Cabo de alimentação rompido,Cabo de alimentação rompido
SEM_INFORMACAO,Cabo de alimentação rompido,Cabo de alimentação rompido
SEM_INFORMACAO,Cabo de alimentação rompido,Cabo de alimentação rompido
SEM_INFORMACAO,Cabo de alimentação rompido,Cabo de alimentação rompido
Ordem de Piso,Cabo de alimentação rompido,Cabo de alimentação rompido
Dando choque,Cabo de alimentação rompido,Cabo de alimentação rompido
SEM_INFORMACAO,Evaporador Obstruído,Evaporador Obstruído
SEM_INFORMACAO,Evaporador Obstruído,Evaporador Obstruído
SEM_INFORMACAO,Evaporador Obstruído,Evaporador Obstruído
SEM_INFORMACAO,Evaporador Obstruído,Evaporador Obstruído
SEM_INFORMACAO,Evaporador Obstruído,Evaporador Obstruído
SEM_INFORMACAO,Evaporador Obstruído,Evaporador Obstruído
SEM_INFORMACAO,Evaporador Obstruído,Evaporador Obstruído
SEM_INFORMACAO,Evaporador Obstruído,Evaporador Obstruído
Ordem de Piso,Evaporador Obstruído,Evaporador Obstruído
SEM_INFORMACAO,Evaporador Obstruído,Evaporador Obstruído
SEM_INFORMACAO,Charola Danificada,Charola Danificada
SEM_INFORMACAO,Charola Danificada,Charola Danificada
SEM_INFORMACAO,Charola Danificada,Charola Danificada
SEM_INFORMACAO,Charola Danificada,Charola Danificada
SEM_INFORMACAO,Charola Danificada,Charola Danificada
SEM_INFORMACAO,Charola Danificada,Charola Danificada
SEM_INFORMACAO,Charola Danificada,Charola Danificada
Ordem de Piso,Charola Danificada,Charola Danificada
SEM_INFORMACAO,Charola com vazamento,Charola com vazamento
SEM_INFORMACAO,Charola com vazamento,Charola com vazamento
SEM_INFORMACAO,Charola com vazamento,Charola com vazamento
SEM_INFORMACAO,Charola com vazamento,Charola com vazamento
SEM_INFORMACAO,Charola com vazamento,Charola com vazamento
SEM_INFORMACAO,Charola com vazamento,Charola com vazamento
SEM_INFORMACAO,Charola com vazamento,Charola com vazamento
Ordem de Piso,Charola com vazamento,Charola com vazamento
SEM_INFORMACAO,Filtro Secador com vazamento,Filtro Secador com vazamento
SEM_INFORMACAO,Filtro Secador com vazamento,Filtro Secador com vazamento
SEM_INFORMACAO,Filtro Secador com vazamento,Filtro Secador com vazamento
SEM_INFORMACAO,Filtro Secador com vazamento,Filtro Secador com vazamento
SEM_INFORMACAO,Filtro Secador com vazamento,Filtro Secador com vazamento
SEM_INFORMACAO,Filtro Secador com vazamento,Filtro Secador com vazamento
SEM_INFORMACAO,Filtro Secador com vazamento,Filtro Secador com vazamento
Ordem de Piso,Filtro Secador com vazamento,Filtro Secador com vazamento
SEM_INFORMACAO,Filtro Secador com vazamento,Filtro Secador com vazamento
Ordem de Piso,Prateleira Oxidada,Prateleira Oxidada
SEM_INFORMACAO,Gabinete Oxidado,Gabinete Oxidado
SEM_INFORMACAO,Gabinete Oxidado,Gabinete Oxidado
SEM_INFORMACAO,Gabinete Oxidado,Gabinete Oxidado
Ordem de Piso,Gabinete Oxidado,Gabinete Oxidado
SEM_INFORMACAO,Bandeja do Evaporador Oxidado,Bandeja do Evaporador Oxidado
SEM_INFORMACAO,Bandeja do Evaporador Oxidado,Bandeja do Evaporador Oxidado
SEM_INFORMACAO,Bandeja do Evaporador Oxidado,Bandeja do Evaporador Oxidado
SEM_INFORMACAO,Bandeja do Evaporador Oxidado,Bandeja do Evaporador Oxidado
Ordem de Piso,Bandeja do Evaporador Oxidado,Bandeja do Evaporador Oxidado
SEM_INFORMACAO,Tolva Danificada,Tolva Danificada
SEM_INFORMACAO,Tolva Danificada,Tolva Danificada
SEM_INFORMACAO,Tolva Danificada,Tolva Danificada
SEM_INFORMACAO,Tolva Danificada,Tolva Danificada
Ordem de Piso,Tolva Danificada,Tolva Danificada
SEM_INFORMACAO,Tolva Solta,Tolva Solta
SEM_INFORMACAO,Tolva Solta,Tolva Solta
SEM_INFORMACAO,Tolva Solta,Tolva Solta
SEM_INFORMACAO,Tolva Solta,Tolva Solta
SEM_INFORMACAO,Tolva Solta,Tolva Solta
SEM_INFORMACAO,Tolva Solta,Tolva Solta
Ordem de Piso,Tolva Solta,Tolva Solta
SEM_INFORMACAO,Grade Frontal Veneziana solta,Grade Frontal Veneziana solta
Ordem de Piso,Grade Frontal Veneziana solta,Grade Frontal Veneziana solta
SEM_INFORMACAO,Evaporador Solto,Evaporador Solto
SEM_INFORMACAO,Evaporador Solto,Evaporador Solto
SEM_INFORMACAO,Evaporador Solto,Evaporador Solto
SEM_INFORMACAO,Evaporador Solto,Evaporador Solto
SEM_INFORMACAO,Evaporador Solto,Evaporador Solto
Ordem de Piso,Evaporador Solto,Evaporador Solto
SEM_INFORMACAO,Condensador Solto,Condensador Solto
SEM_INFORMACAO,Condensador Solto,Condensador Solto
SEM_INFORMACAO,Condensador Solto,Condensador Solto
SEM_INFORMACAO,Condensador Solto,Condensador Solto
SEM_INFORMACAO,Condensador Solto,Condensador Solto
SEM_INFORMACAO,Condensador Solto,Condensador Solto
SEM_INFORMACAO,Condensador Solto,Condensador Solto
Não gela,Condensador Solto,Condensador Solto
Ordem de Piso,Condensador Solto,Condensador Solto
SEM_INFORMACAO,Charola Solta,Charola Solta
SEM_INFORMACAO,Charola Solta,Charola Solta
SEM_INFORMACAO,Charola Solta,Charola Solta
SEM_INFORMACAO,Charola Solta,Charola Solta
SEM_INFORMACAO,Charola Solta,Charola Solta
SEM_INFORMACAO,Charola Solta,Charola Solta
Ordem de Piso,Charola Solta,Charola Solta
SEM_INFORMACAO,Filtro Secador Oxidado,Filtro Secador Oxidado
SEM_INFORMACAO,Filtro Secador Oxidado,Filtro Secador Oxidado
SEM_INFORMACAO,Filtro Secador Oxidado,Filtro Secador Oxidado
SEM_INFORMACAO,Filtro Secador Oxidado,Filtro Secador Oxidado
Ordem de Piso,Filtro Secador Oxidado,Filtro Secador Oxidado
SEM_INFORMACAO,Micromotor Evaporador Solto,Micromotor Evaporador Solto
SEM_INFORMACAO,Micromotor Evaporador Solto,Micromotor Evaporador Solto
SEM_INFORMACAO,Micromotor Evaporador Solto,Micromotor Evaporador Solto
SEM_INFORMACAO,Micromotor Evaporador Solto,Micromotor Evaporador Solto
SEM_INFORMACAO,Micromotor Evaporador Solto,Micromotor Evaporador Solto
Ordem de Piso,Micromotor Evaporador Solto,Micromotor Evaporador Solto
Não gela,Micromotor Evaporador Solto,Micromotor Evaporador Solto
SEM_INFORMACAO,Micromotor Evaporador Solto,Micromotor Evaporador Solto
SEM_INFORMACAO,Micromotor Condensador Solto,Micromotor Condensador Solto
SEM_INFORMACAO,Micromotor Condensador Solto,Micromotor Condensador Solto
SEM_INFORMACAO,Micromotor Condensador Solto,Micromotor Condensador Solto
SEM_INFORMACAO,Micromotor Condensador Solto,Micromotor Condensador Solto
SEM_INFORMACAO,Micromotor Condensador Solto,Micromotor Condensador Solto
Não gela,Micromotor Condensador Solto,Micromotor Condensador Solto
SEM_INFORMACAO,Micromotor Condensador Solto,Micromotor Condensador Solto
Ordem de Piso,Micromotor Condensador Solto,Micromotor Condensador Solto
SEM_INFORMACAO,Tubo Capilar Oxidado,Tubo Capilar Oxidado
Ordem de Piso,Tubo Capilar Oxidado,Tubo Capilar Oxidado
SEM_INFORMACAO,Faltando Lampada,Faltando Lampada
SEM_INFORMACAO,Faltando Lampada,Faltando Lampada
SEM_INFORMACAO,Faltando Lampada,Faltando Lampada
SEM_INFORMACAO,Faltando Lampada,Faltando Lampada
Ordem de Piso,Faltando Lampada,Faltando Lampada
SEM_INFORMACAO,Faltando Gaxeta,Faltando Gaxeta
SEM_INFORMACAO,Faltando Gaxeta,Faltando Gaxeta
SEM_INFORMACAO,Faltando Gaxeta,Faltando Gaxeta
SEM_INFORMACAO,Faltando Gaxeta,Faltando Gaxeta
Ordem de Piso,Faltando Gaxeta,Faltando Gaxeta
SEM_INFORMACAO,Faltando Puxador da Porta,Faltando Puxador da Porta
Ordem de Piso,Faltando Puxador da Porta,Faltando Puxador da Porta
SEM_INFORMACAO,Faltando Dobradiça,Faltando Dobradiça
SEM_INFORMACAO,Faltando Dobradiça,Faltando Dobradiça
SEM_INFORMACAO,Faltando Dobradiça,Faltando Dobradiça
SEM_INFORMACAO,Faltando Dobradiça,Faltando Dobradiça
Ordem de Piso,Faltando Dobradiça,Faltando Dobradiça
SEM_INFORMACAO,Dobradiça Oxidada,Dobradiça Oxidada
SEM_INFORMACAO,Dobradiça Oxidada,Dobradiça Oxidada
SEM_INFORMACAO,Dobradiça Oxidada,Dobradiça Oxidada
Ordem de Piso,Dobradiça Oxidada,Dobradiça Oxidada
SEM_INFORMACAO,Problema na resistência,Problema na resistência
SEM_INFORMACAO,Problema na resistência,Problema na resistência
SEM_INFORMACAO,Problema na resistência,Problema na resistência
Problema na resistencia,Problema na resistência,Problema na resistência
SEM_INFORMACAO,Bloqueio no Evaporador,Bloqueio no Evaporador
SEM_INFORMACAO,Bloqueio no Evaporador,Bloqueio no Evaporador
SEM_INFORMACAO,Bloqueio no Evaporador,Bloqueio no Evaporador
SEM_INFORMACAO,Bloqueio no Evaporador,Bloqueio no Evaporador
SEM_INFORMACAO,Bloqueio no Evaporador,Bloqueio no Evaporador
SEM_INFORMACAO,Bloqueio no Evaporador,Bloqueio no Evaporador
SEM_INFORMACAO,Bloqueio no Evaporador,Bloqueio no Evaporador
SEM_INFORMACAO,Bloqueio no Evaporador,Bloqueio no Evaporador
SEM_INFORMACAO,Bloqueio no Evaporador,Bloqueio no Evaporador
SEM_INFORMACAO,Bloqueio no Evaporador,Bloqueio no Evaporador
SEM_INFORMACAO,Bloqueio no Evaporador,Bloqueio no Evaporador
SEM_INFORMACAO,Bloqueio no Evaporador,Bloqueio no Evaporador
SEM_INFORMACAO,Bloqueio no Evaporador,Bloqueio no Evaporador
Bloqueio no evaporador,Bloqueio no Evaporador,Bloqueio no Evaporador
SEM_INFORMACAO,Bloqueio no Evaporador,Bloqueio no Evaporador
BAIXO RENDIMENTO,Bloqueio no Evaporador,Bloqueio no Evaporador
Não gela,Bloqueio no Evaporador,Bloqueio no Evaporador
SEM_INFORMACAO,Equipamento em mau estado de conservaçã,Equipamento em mau estado de conservaçã
SEM_INFORMACAO,Equipamento em mau estado de conservaçã,Equipamento em mau estado de conservaçã
SEM_INFORMACAO,Equipamento em mau estado de conservaçã,Equipamento em mau estado de conservaçã
SEM_INFORMACAO,Equipamento em mau estado de conservaçã,Equipamento em mau estado de conservaçã
SEM_INFORMACAO,Equipamento em mau estado de conservaçã,Equipamento em mau estado de conservaçã
SEM_INFORMACAO,Equipamento em mau estado de conservaçã,Equipamento em mau estado de conservaçã
SEM_INFORMACAO,Equipamento em mau estado de conservaçã,Equipamento em mau estado de conservaçã
SEM_INFORMACAO,Equipamento em mau estado de conservaçã,Equipamento em mau estado de conservaçã
SEM_INFORMACAO,Equipamento em mau estado de conservaçã,Equipamento em mau estado de conservaçã
Censo,Equipamento em mau estado de conservaçã,Equipamento em mau estado de conservaçã
SEM_INFORMACAO,Equipamento em mau estado de conservaçã,Equipamento em mau estado de conservaçã
SEM_INFORMACAO,Equipamento em mau estado de conservaçã,Equipamento em mau estado de conservaçã
Outros,Equipamento em mau estado de conservaçã,Equipamento em mau estado de conservaçã
Censo,Equipamento em mau estado de conservaçã,Equipamento em mau estado de conservaçã
SEM_INFORMACAO,Equipamento em curto,Equipamento em curto
SEM_INFORMACAO,Equipamento em curto,Equipamento em curto
SEM_INFORMACAO,Equipamento em curto,Equipamento em curto
SEM_INFORMACAO,Equipamento em curto,Equipamento em curto
SEM_INFORMACAO,Equipamento em curto,Equipamento em curto
SEM_INFORMACAO,Equipamento em curto,Equipamento em curto
SEM_INFORMACAO,Equipamento em curto,Equipamento em curto
SEM_INFORMACAO,Equipamento em curto,Equipamento em curto
SEM_INFORMACAO,Equipamento em curto,Equipamento em curto
SEM_INFORMACAO,Equipamento em curto,Equipamento em curto
SEM_INFORMACAO,Equipamento em curto,Equipamento em curto
SEM_INFORMACAO,Equipamento em curto,Equipamento em curto
SEM_INFORMACAO,Equipamento em curto,Equipamento em curto
SEM_INFORMACAO,Equipamento em curto,Equipamento em curto
SEM_INFORMACAO,Equipamento em curto,Equipamento em curto
SEM_INFORMACAO,Equipamento em curto,Equipamento em curto
SEM_INFORMACAO,Equipamento em curto,Equipamento em curto
SEM_INFORMACAO,Equipamento em curto,Equipamento em curto
SEM_INFORMACAO,Equipamento em curto,Equipamento em curto
SEM_INFORMACAO,Equipamento em curto,Equipamento em curto
SEM_INFORMACAO,Equipamento em curto,Equipamento em curto
SEM_INFORMACAO,Equipamento em curto,Equipamento em curto
SEM_INFORMACAO,Equipamento em curto,Equipamento em curto
SEM_INFORMACAO,Equipamento em curto,Equipamento em curto
SEM_INFORMACAO,Equipamento em curto,Equipamento em curto
SEM_INFORMACAO,Equipamento em curto,Equipamento em curto
SEM_INFORMACAO,Equipamento em curto,Equipamento em curto
SEM_INFORMACAO,Equipamento em curto,Equipamento em curto
SEM_INFORMACAO,Equipamento em curto,Equipamento em curto
SEM_INFORMACAO,Equipamento em curto,Equipamento em curto
SEM_INFORMACAO,Equipamento em curto,Equipamento em curto
SEM_INFORMACAO,Equipamento em curto,Equipamento em curto
SEM_INFORMACAO,Equipamento em curto,Equipamento em curto
SEM_INFORMACAO,Equipamento em curto,Equipamento em curto
SEM_INFORMACAO,Equipamento em curto,Equipamento em curto
SEM_INFORMACAO,Equipamento em curto,Equipamento em curto
Censo,Equipamento em curto,Equipamento em curto
SEM_INFORMACAO,Equipamento em curto,Equipamento em curto
Outros,Equipamento em curto,Equipamento em curto
Censo,Equipamento em curto,Equipamento em curto
SEM_INFORMACAO,Equipamento em curto,Equipamento em curto
SEM_INFORMACAO,Evaporador Obstruído,Evaporador Obstruído
SEM_INFORMACAO,Evaporador Obstruído,Evaporador Obstruído
SEM_INFORMACAO,Evaporador Obstruído,Evaporador Obstruído
SEM_INFORMACAO,Evaporador Obstruído,Evaporador Obstruído
Não gela,Evaporador Obstruído,Evaporador Obstruído
Bloqueio no evaporador,Evaporador Obstruído,Evaporador Obstruído
SEM_INFORMACAO,Condensador com vazamento,Condensador com vazamento
SEM_INFORMACAO,Condensador com vazamento,Condensador com vazamento
SEM_INFORMACAO,Condensador com vazamento,Condensador com vazamento
SEM_INFORMACAO,Condensador com vazamento,Condensador com vazamento
SEM_INFORMACAO,Condensador com vazamento,Condensador com vazamento
SEM_INFORMACAO,Condensador com vazamento,Condensador com vazamento
Não gela,Condensador com vazamento,Condensador com vazamento
SEM_INFORMACAO,Vazamento do Filtro Secador,Vazamento do Filtro Secador
SEM_INFORMACAO,Vazamento do Filtro Secador,Vazamento do Filtro Secador
SEM_INFORMACAO,Vazamento do Filtro Secador,Vazamento do Filtro Secador
SEM_INFORMACAO,Vazamento do Filtro Secador,Vazamento do Filtro Secador
Não gela,Vazamento do Filtro Secador,Vazamento do Filtro Secador
SEM_INFORMACAO,Capilar com vazamento,Capilar com vazamento
SEM_INFORMACAO,Capilar com vazamento,Capilar com vazamento
SEM_INFORMACAO,Capilar com vazamento,Capilar com vazamento
SEM_INFORMACAO,Capilar com vazamento,Capilar com vazamento
Não gela,Capilar com vazamento,Capilar com vazamento
SEM_INFORMACAO,Micromotor evaporador queimado,Micromotor evaporador queimado
SEM_INFORMACAO,Micromotor evaporador queimado,Micromotor evaporador queimado
SEM_INFORMACAO,Micromotor evaporador queimado,Micromotor evaporador queimado
Cheirando queimado,Micromotor evaporador queimado,Micromotor evaporador queimado
Não gela,Micromotor evaporador queimado,Micromotor evaporador queimado
SEM_INFORMACAO,Micromotor evaporador com ruído,Micromotor evaporador com ruído
SEM_INFORMACAO,Micromotor evaporador com ruído,Micromotor evaporador com ruído
SEM_INFORMACAO,Micromotor evaporador com ruído,Micromotor evaporador com ruído
Com ruído alto,Micromotor evaporador com ruído,Micromotor evaporador com ruído
SEM_INFORMACAO,Micromotor evaporador travado,Micromotor evaporador travado
SEM_INFORMACAO,Micromotor evaporador travado,Micromotor evaporador travado
SEM_INFORMACAO,Micromotor evaporador travado,Micromotor evaporador travado
Com ruído alto,Micromotor evaporador travado,Micromotor evaporador travado
SEM_INFORMACAO,Micromotor evaporador solto,Micromotor evaporador solto
SEM_INFORMACAO,Micromotor evaporador solto,Micromotor evaporador solto
SEM_INFORMACAO,Micromotor evaporador solto,Micromotor evaporador solto
Com ruído alto,Micromotor evaporador solto,Micromotor evaporador solto
SEM_INFORMACAO,Hélice de Micromotor Evaporador Quebrad,Hélice de Micromotor Evaporador Quebrad
SEM_INFORMACAO,Hélice de Micromotor Evaporador Quebrad,Hélice de Micromotor Evaporador Quebrad
SEM_INFORMACAO,Hélice de Micromotor Evaporador Quebrad,Hélice de Micromotor Evaporador Quebrad
SEM_INFORMACAO,Hélice de Micromotor Evaporador Quebrad,Hélice de Micromotor Evaporador Quebrad
Com ruído alto,Hélice de Micromotor Evaporador Quebrad,Hélice de Micromotor Evaporador Quebrad
Não gela,Hélice de Micromotor Evaporador Quebrad,Hélice de Micromotor Evaporador Quebrad
Não liga.,Hélice de Micromotor Evaporador Quebrad,Hélice de Micromotor Evaporador Quebrad
SEM_INFORMACAO,Micromotor do condensador queimado,Micromotor do condensador queimado
SEM_INFORMACAO,Micromotor do condensador queimado,Micromotor do condensador queimado
SEM_INFORMACAO,Micromotor do condensador queimado,Micromotor do condensador queimado
Cheirando queimado,Micromotor do condensador queimado,Micromotor do condensador queimado
Cheirando queimado,Micromotor do condensador queimado,Micromotor do condensador queimado
SEM_INFORMACAO,Micromotor do condensador travado,Micromotor do condensador travado
Com ruído alto,Micromotor do condensador travado,Micromotor do condensador travado
SEM_INFORMACAO,Micromotor do condensador com ruído,Micromotor do condensador com ruído
SEM_INFORMACAO,Micromotor do condensador com ruído,Micromotor do condensador com ruído
SEM_INFORMACAO,Micromotor do condensador com ruído,Micromotor do condensador com ruído
SEM_INFORMACAO,Micromotor do condensador com ruído,Micromotor do condensador com ruído
Com ruído alto,Micromotor do condensador com ruído,Micromotor do condensador com ruído
SEM_INFORMACAO,Micromotor do Condensador Solto,Micromotor do Condensador Solto
SEM_INFORMACAO,Micromotor do Condensador Solto,Micromotor do Condensador Solto
SEM_INFORMACAO,Micromotor do Condensador Solto,Micromotor do Condensador Solto
Com ruído alto,Micromotor do Condensador Solto,Micromotor do Condensador Solto
SEM_INFORMACAO,Hélice de Micromotor Condensador Quebrad,Hélice de Micromotor Condensador Quebrad
SEM_INFORMACAO,Hélice de Micromotor Condensador Quebrad,Hélice de Micromotor Condensador Quebrad
SEM_INFORMACAO,Hélice de Micromotor Condensador Quebrad,Hélice de Micromotor Condensador Quebrad
SEM_INFORMACAO,Hélice de Micromotor Condensador Quebrad,Hélice de Micromotor Condensador Quebrad
SEM_INFORMACAO,Hélice de Micromotor Condensador Quebrad,Hélice de Micromotor Condensador Quebrad
SEM_INFORMACAO,Hélice de Micromotor Condensador Quebrad,Hélice de Micromotor Condensador Quebrad
SEM_INFORMACAO,Hélice de Micromotor Condensador Quebrad,Hélice de Micromotor Condensador Quebrad
Com ruído alto,Hélice de Micromotor Condensador Quebrad,Hélice de Micromotor Condensador Quebrad
SEM_INFORMACAO,Placa Eletrônica,Placa Eletrônica
SEM_INFORMACAO,Placa Eletrônica,Placa Eletrônica
SEM_INFORMACAO,Placa Eletrônica,Placa Eletrônica
SEM_INFORMACAO,Placa Eletrônica,Placa Eletrônica
SEM_INFORMACAO,Placa Eletrônica,Placa Eletrônica
Não liga,Placa Eletrônica,Placa Eletrônica
SEM_INFORMACAO,Porta sem vedação,Porta sem vedação
SEM_INFORMACAO,Porta sem vedação,Porta sem vedação
SEM_INFORMACAO,Porta sem vedação,Porta sem vedação
Painel quebrado,Porta sem vedação,Porta sem vedação
SEM_INFORMACAO,Dobradiça com defeito,Dobradiça com defeito
SEM_INFORMACAO,Dobradiça com defeito,Dobradiça com defeito
SEM_INFORMACAO,Dobradiça com defeito,Dobradiça com defeito
Painel quebrado,Dobradiça com defeito,Dobradiça com defeito
SEM_INFORMACAO,Bandeja do Evaporador Danificada,Bandeja do Evaporador Danificada
SEM_INFORMACAO,Bandeja do Evaporador Danificada,Bandeja do Evaporador Danificada
SEM_INFORMACAO,Bandeja do Evaporador Danificada,Bandeja do Evaporador Danificada
SEM_INFORMACAO,Bandeja do Evaporador Danificada,Bandeja do Evaporador Danificada
SEM_INFORMACAO,Bandeja do Evaporador Danificada,Bandeja do Evaporador Danificada
Bandeja interna solta,Bandeja do Evaporador Danificada,Bandeja do Evaporador Danificada
Grades enferrujadas quebradas faltantes,Bandeja do Evaporador Danificada,Bandeja do Evaporador Danificada
SEM_INFORMACAO,Bandeja do evaporador quebrada/solta,Bandeja do evaporador quebrada/solta
SEM_INFORMACAO,Bandeja do evaporador quebrada/solta,Bandeja do evaporador quebrada/solta
SEM_INFORMACAO,Bandeja do evaporador quebrada/solta,Bandeja do evaporador quebrada/solta
SEM_INFORMACAO,Bandeja do evaporador quebrada/solta,Bandeja do evaporador quebrada/solta
SEM_INFORMACAO,Bandeja do evaporador quebrada/solta,Bandeja do evaporador quebrada/solta
SEM_INFORMACAO,Bandeja do evaporador quebrada/solta,Bandeja do evaporador quebrada/solta
Bandeja interna solta,Bandeja do evaporador quebrada/solta,Bandeja do evaporador quebrada/solta
SEM_INFORMACAO,Condensador solto,Condensador solto
SEM_INFORMACAO,Condensador solto,Condensador solto
SEM_INFORMACAO,Condensador solto,Condensador solto
SEM_INFORMACAO,Condensador solto,Condensador solto
Bandeja interna solta,Condensador solto,Condensador solto
Não gela,Condensador solto,Condensador solto
SEM_INFORMACAO,Plug quebrado,Plug quebrado
SEM_INFORMACAO,Plug quebrado,Plug quebrado
SEM_INFORMACAO,Plug quebrado,Plug quebrado
SEM_INFORMACAO,Plug quebrado,Plug quebrado
SEM_INFORMACAO,Plug quebrado,Plug quebrado
SEM_INFORMACAO,Plug quebrado,Plug quebrado
Dando choque,Plug quebrado,Plug quebrado
SEM_INFORMACAO,Interruptor de aleta com defeito,Interruptor de aleta com defeito
Dando choque,Interruptor de aleta com defeito,Interruptor de aleta com defeito
SEM_INFORMACAO,Canaleta fora de posição,Canaleta fora de posição
SEM_INFORMACAO,Canaleta fora de posição,Canaleta fora de posição
Grades enferrujadas quebradas faltantes,Canaleta fora de posição,Canaleta fora de posição
SEM_INFORMACAO,Bandeja do evaporador quebrada/solta,Bandeja do evaporador quebrada/solta
SEM_INFORMACAO,Bandeja do evaporador quebrada/solta,Bandeja do evaporador quebrada/solta
SEM_INFORMACAO,Bandeja do evaporador quebrada/solta,Bandeja do evaporador quebrada/solta
Grades enferrujadas quebradas faltantes,Bandeja do evaporador quebrada/solta,Bandeja do evaporador quebrada/solta
SEM_INFORMACAO,Grade frontal veneziana quebrado,Grade frontal veneziana quebrado
SEM_INFORMACAO,Grade frontal veneziana quebrado,Grade frontal veneziana quebrado
SEM_INFORMACAO,Grade frontal veneziana quebrado,Grade frontal veneziana quebrado
SEM_INFORMACAO,Grade frontal veneziana quebrado,Grade frontal veneziana quebrado
SEM_INFORMACAO,Grade frontal veneziana quebrado,Grade frontal veneziana quebrado
SEM_INFORMACAO,Grade frontal veneziana quebrado,Grade frontal veneziana quebrado
Grades enferrujadas quebradas faltantes,Grade frontal veneziana quebrado,Grade frontal veneziana quebrado
SEM_INFORMACAO,Troca/instalação de prateleiras,Troca/instalação de prateleiras
SEM_INFORMACAO,Troca/instalação de prateleiras,Troca/instalação de prateleiras
SEM_INFORMACAO,Troca/instalação de prateleiras,Troca/instalação de prateleiras
Não gela,Troca/instalação de prateleiras,Troca/instalação de prateleiras
SEM_INFORMACAO,Rele Queimado,Rele Queimado
SEM_INFORMACAO,Rele Queimado,Rele Queimado
SEM_INFORMACAO,Rele Queimado,Rele Queimado
SEM_INFORMACAO,Rele Queimado,Rele Queimado
Lâmpada queimada.,Rele Queimado,Rele Queimado
Não gela.,Rele Queimado,Rele Queimado
Congelando,Rele Queimado,Rele Queimado
Congelando,Rele Queimado,Rele Queimado
Excesso de gelo.,Rele Queimado,Rele Queimado
Excesso de gelo.,Rele Queimado,Rele Queimado
Ruído/barulho.,Rele Queimado,Rele Queimado
Não liga.,Rele Queimado,Rele Queimado
Choque.,Rele Queimado,Rele Queimado
Fio com mau contato.,Rele Queimado,Rele Queimado
Outro.,Rele Queimado,Rele Queimado
Porta não fecha.,Rele Queimado,Rele Queimado
Não gela.,Rele Queimado,Rele Queimado
SEM_INFORMACAO,Equipamento Fora de Garantia Ambev,Equipamento Fora de Garantia Ambev
SEM_INFORMACAO,Equipamento Fora de Garantia Ambev,Equipamento Fora de Garantia Ambev
SEM_INFORMACAO,Equipamento Fora de Garantia Ambev,Equipamento Fora de Garantia Ambev
SEM_INFORMACAO,Equipamento Fora de Garantia Ambev,Equipamento Fora de Garantia Ambev
SEM_INFORMACAO,Equipamento Fora de Garantia Ambev,Equipamento Fora de Garantia Ambev
SEM_INFORMACAO,Equipamento Fora de Garantia Ambev,Equipamento Fora de Garantia Ambev
Defeito Post Mix Ambev,Equipamento Fora de Garantia Ambev,Equipamento Fora de Garantia Ambev
Congelando,Equipamento Fora de Garantia Ambev,Equipamento Fora de Garantia Ambev
Congelando,Equipamento Fora de Garantia Ambev,Equipamento Fora de Garantia Ambev
Não gela,Equipamento Fora de Garantia Ambev,Equipamento Fora de Garantia Ambev
SEM_INFORMACAO,Equipamento Fora de Garantia Ambev,Equipamento Fora de Garantia Ambev
Defeito Post Mix Ambev,Equipamento Fora de Garantia Ambev,Equipamento Fora de Garantia Ambev
Censo,Equipamento LOCALIZADO,DESCRICAO_NAO_ENCONTRADA
SEM_INFORMACAO,Equipamento LOCALIZADO,DESCRICAO_NAO_ENCONTRADA
Censo,Equipamento LOCALIZADO,DESCRICAO_NAO_ENCONTRADA
SEM_INFORMACAO,Equipamento NÃO LOCALIZADO,DESCRICAO_NAO_ENCONTRADA
Censo,Equipamento NÃO LOCALIZADO,DESCRICAO_NAO_ENCONTRADA
Censo,Equipamento NÃO LOCALIZADO,DESCRICAO_NAO_ENCONTRADA
SEM_INFORMACAO,Equipamento LOCALIZADO,Equipamento LOCALIZADO
SEM_INFORMACAO,Equipamento LOCALIZADO,Equipamento LOCALIZADO
Censo,Equipamento LOCALIZADO,Equipamento LOCALIZADO
SEM_INFORMACAO,Equipamento NÃO LOCALIZADO,DESCRICAO_NAO_ENCONTRADA
SEM_INFORMACAO,Equipamento NÃO LOCALIZADO,DESCRICAO_NAO_ENCONTRADA
Censo,Equipamento NÃO LOCALIZADO,DESCRICAO_NAO_ENCONTRADA
SEM_INFORMACAO,Equipamento NÃO LOCALIZADO,DESCRICAO_NAO_ENCONTRADA
Comissionamento,Equipamento NÃO LOCALIZADO,DESCRICAO_NAO_ENCONTRADA
Comissionamento,Equipamento NÃO LOCALIZADO,DESCRICAO_NAO_ENCONTRADA
SEM_INFORMACAO,Reforma,Reforma
SEM_INFORMACAO,Reforma,Reforma
Outro.,Reforma,Reforma
Comissionamento,"Beacon, aparentemente com defeito","Beacon, aparentemente com defeito"
Comissionamento,"Beacon, aparentemente com defeito","Beacon, aparentemente com defeito"
SEM_INFORMACAO,"Beacon, aparentemente com defeito","Beacon, aparentemente com defeito"
Comissionamento,"Beacon, não aparece código","Beacon, não aparece código"
Comissionamento,"Beacon, não aparece código","Beacon, não aparece código"
SEM_INFORMACAO,"Beacon, não aparece código","Beacon, não aparece código"
SEM_INFORMACAO,"Beacon, não encontrado","Beacon, não encontrado"
Comissionamento,"Beacon, não encontrado","Beacon, não encontrado"
Comissionamento,"Beacon, não encontrado","Beacon, não encontrado"
SEM_INFORMACAO,Ar no sistema,Ar no sistema
SEM_INFORMACAO,Ar no sistema,Ar no sistema
SEM_INFORMACAO,Ar no sistema,Ar no sistema
SEM_INFORMACAO,Ar no sistema,Ar no sistema
SEM_INFORMACAO,Ar no sistema,Ar no sistema
SEM_INFORMACAO,Ar no sistema,Ar no sistema
SEM_INFORMACAO,Ar no sistema,Ar no sistema
SEM_INFORMACAO,Ar no sistema,Ar no sistema
SEM_INFORMACAO,Ar no sistema,Ar no sistema
SEM_INFORMACAO,Ar no sistema,Ar no sistema
SEM_INFORMACAO,Ar no sistema,Ar no sistema
SEM_INFORMACAO,Ar no sistema,Ar no sistema
SEM_INFORMACAO,Bomba de circulação quebrada,Bomba de circulação quebrada
SEM_INFORMACAO,Bomba de circulação quebrada,Bomba de circulação quebrada
SEM_INFORMACAO,Bomba de circulação quebrada,Bomba de circulação quebrada
SEM_INFORMACAO,Bomba de circulação quebrada,Bomba de circulação quebrada
SEM_INFORMACAO,Carenagem Quebrada,Carenagem Quebrada
SEM_INFORMACAO,Carenagem Quebrada,Carenagem Quebrada
SEM_INFORMACAO,Carenagem Quebrada,Carenagem Quebrada
SEM_INFORMACAO,Carenagem Quebrada,Carenagem Quebrada
SEM_INFORMACAO,Cheiro de esgoto,Cheiro de esgoto
SEM_INFORMACAO,Cheiro de esgoto,Cheiro de esgoto
SEM_INFORMACAO,Cheiro de esgoto,Cheiro de esgoto
SEM_INFORMACAO,Cheiro de esgoto,Cheiro de esgoto
SEM_INFORMACAO,Congelamento do sistema,Congelamento do sistema
SEM_INFORMACAO,Congelamento do sistema,Congelamento do sistema
SEM_INFORMACAO,Congelamento do sistema,Congelamento do sistema
SEM_INFORMACAO,Congelamento do sistema,Congelamento do sistema
SEM_INFORMACAO,Controlador com defeito,Controlador com defeito
SEM_INFORMACAO,Controlador com defeito,Controlador com defeito
SEM_INFORMACAO,Controlador com defeito,Controlador com defeito
SEM_INFORMACAO,Controlador com defeito,Controlador com defeito
SEM_INFORMACAO,Controlador desregulado,Controlador desregulado
SEM_INFORMACAO,Controlador desregulado,Controlador desregulado
SEM_INFORMACAO,Controlador desregulado,Controlador desregulado
SEM_INFORMACAO,Controlador desregulado,Controlador desregulado
SEM_INFORMACAO,Defeito na peça funcional,Defeito na peça funcional
SEM_INFORMACAO,Defeito na peça funcional,Defeito na peça funcional
SEM_INFORMACAO,Defeito na peça funcional,Defeito na peça funcional
SEM_INFORMACAO,Defeito na peça funcional,Defeito na peça funcional
SEM_INFORMACAO,Equipamento desligado,Equipamento desligado
SEM_INFORMACAO,Equipamento desligado,Equipamento desligado
SEM_INFORMACAO,Equipamento desligado,Equipamento desligado
SEM_INFORMACAO,Equipamento desligado,Equipamento desligado
SEM_INFORMACAO,Equipamento ligado na voltagem errada,Equipamento ligado na voltagem errada
SEM_INFORMACAO,Equipamento ligado na voltagem errada,Equipamento ligado na voltagem errada
SEM_INFORMACAO,Equipamento ligado na voltagem errada,Equipamento ligado na voltagem errada
SEM_INFORMACAO,Equipamento ligado na voltagem errada,Equipamento ligado na voltagem errada
SEM_INFORMACAO,Excesso de agua no gabinete,Excesso de agua no gabinete
SEM_INFORMACAO,Excesso de agua no gabinete,Excesso de agua no gabinete
SEM_INFORMACAO,Excesso de agua no gabinete,Excesso de agua no gabinete
SEM_INFORMACAO,Excesso de agua no gabinete,Excesso de agua no gabinete
SEM_INFORMACAO,Falta de aterramento no PDV,Falta de aterramento no PDV
SEM_INFORMACAO,Falta de aterramento no PDV,Falta de aterramento no PDV
SEM_INFORMACAO,Falta de aterramento no PDV,Falta de aterramento no PDV
SEM_INFORMACAO,Falta de aterramento no PDV,Falta de aterramento no PDV
SEM_INFORMACAO,Falta de aterramento no equipamento,Falta de aterramento no equipamento
SEM_INFORMACAO,Falta de aterramento no equipamento,Falta de aterramento no equipamento
SEM_INFORMACAO,Falta de aterramento no equipamento,Falta de aterramento no equipamento
SEM_INFORMACAO,Falta de aterramento no equipamento,Falta de aterramento no equipamento
SEM_INFORMACAO,Falta de energia no PDV,Falta de energia no PDV
SEM_INFORMACAO,Falta de energia no PDV,Falta de energia no PDV
SEM_INFORMACAO,Falta de energia no PDV,Falta de energia no PDV
SEM_INFORMACAO,Falta de energia no PDV,Falta de energia no PDV
SEM_INFORMACAO,Falta de gelo na torre,Falta de gelo na torre
SEM_INFORMACAO,Falta de gelo na torre,Falta de gelo na torre
SEM_INFORMACAO,Falta de gelo na torre,Falta de gelo na torre
SEM_INFORMACAO,Falta de gelo na torre,Falta de gelo na torre
SEM_INFORMACAO,Falta de gelo na torre,Falta de gelo na torre
SEM_INFORMACAO,Falta de gelo na torre,Falta de gelo na torre
SEM_INFORMACAO,Falta de gelo na torre,Falta de gelo na torre
SEM_INFORMACAO,Falta de gelo na torre,Falta de gelo na torre
SEM_INFORMACAO,Falta de gelo na torre,Falta de gelo na torre
SEM_INFORMACAO,Falta de gelo na torre,Falta de gelo na torre
SEM_INFORMACAO,Falta de gelo na torre,Falta de gelo na torre
SEM_INFORMACAO,Falta de gelo na torre,Falta de gelo na torre
SEM_INFORMACAO,Falta de gelo na torre,Falta de gelo na torre
SEM_INFORMACAO,Falta de gelo na torre,Falta de gelo na torre
SEM_INFORMACAO,Falta de gelo na torre,Falta de gelo na torre
SEM_INFORMACAO,Falta de gelo na torre,Falta de gelo na torre
SEM_INFORMACAO,Falta de gás,Falta de gás
SEM_INFORMACAO,Falta de gás,Falta de gás
SEM_INFORMACAO,Falta de gás,Falta de gás
SEM_INFORMACAO,Falta de gás,Falta de gás
SEM_INFORMACAO,Falta de gás,Falta de gás
SEM_INFORMACAO,Falta de gás,Falta de gás
SEM_INFORMACAO,Falta de gás,Falta de gás
SEM_INFORMACAO,Falta de gás,Falta de gás
SEM_INFORMACAO,Falta de gás,Falta de gás
SEM_INFORMACAO,Falta de gás,Falta de gás
SEM_INFORMACAO,Falta de gás,Falta de gás
SEM_INFORMACAO,Falta de gás,Falta de gás
SEM_INFORMACAO,Falta de gás,Falta de gás
SEM_INFORMACAO,Falta de gás,Falta de gás
SEM_INFORMACAO,Falta de insumos,Falta de insumos
SEM_INFORMACAO,Falta de insumos,Falta de insumos
SEM_INFORMACAO,Falta de insumos,Falta de insumos
SEM_INFORMACAO,Falta de insumos,Falta de insumos
SEM_INFORMACAO,Falta de produto,Falta de produto
SEM_INFORMACAO,Falta de produto,Falta de produto
SEM_INFORMACAO,Falta de produto,Falta de produto
SEM_INFORMACAO,Falta de produto,Falta de produto
SEM_INFORMACAO,Falta de produto,Falta de produto
SEM_INFORMACAO,Falta de produto,Falta de produto
SEM_INFORMACAO,Falta de produto,Falta de produto
SEM_INFORMACAO,Falta de produto,Falta de produto
SEM_INFORMACAO,Falta de produto,Falta de produto
SEM_INFORMACAO,Falta de produto,Falta de produto
SEM_INFORMACAO,Falta de produto,Falta de produto
SEM_INFORMACAO,Falta de produto,Falta de produto
SEM_INFORMACAO,Falta de produto,Falta de produto
SEM_INFORMACAO,Falta de produto,Falta de produto
SEM_INFORMACAO,Falta de produto,Falta de produto
SEM_INFORMACAO,Falta de produto,Falta de produto
SEM_INFORMACAO,Falta de produto,Falta de produto
SEM_INFORMACAO,Falta de produto,Falta de produto
SEM_INFORMACAO,Falta de produto,Falta de produto
SEM_INFORMACAO,Falta de produto,Falta de produto
SEM_INFORMACAO,Falta de produto,Falta de produto
SEM_INFORMACAO,Falta de produto,Falta de produto
SEM_INFORMACAO,Falta de produto,Falta de produto
SEM_INFORMACAO,Falta de produto,Falta de produto
SEM_INFORMACAO,Falta de sanitização,Falta de sanitização
SEM_INFORMACAO,Falta de sanitização,Falta de sanitização
SEM_INFORMACAO,Falta de sanitização,Falta de sanitização
SEM_INFORMACAO,Falta de sanitização,Falta de sanitização
SEM_INFORMACAO,Falta de água no PDV,Falta de água no PDV
SEM_INFORMACAO,Falta de água no PDV,Falta de água no PDV
SEM_INFORMACAO,Falta de água no PDV,Falta de água no PDV
SEM_INFORMACAO,Falta de água no PDV,Falta de água no PDV
SEM_INFORMACAO,Falta de água no PDV,Falta de água no PDV
SEM_INFORMACAO,Falta de água no PDV,Falta de água no PDV
SEM_INFORMACAO,Falta de água no PDV,Falta de água no PDV
SEM_INFORMACAO,Falta de água no PDV,Falta de água no PDV
SEM_INFORMACAO,Falta de água no PDV,Falta de água no PDV
SEM_INFORMACAO,Falta de água no PDV,Falta de água no PDV
SEM_INFORMACAO,Falta de água no PDV,Falta de água no PDV
SEM_INFORMACAO,Falta de água no PDV,Falta de água no PDV
SEM_INFORMACAO,Falta gás,Falta gás
SEM_INFORMACAO,Falta gás,Falta gás
SEM_INFORMACAO,Falta gás,Falta gás
SEM_INFORMACAO,Falta gás,Falta gás
SEM_INFORMACAO,Ferrugem no Gabinete,Ferrugem no Gabinete
SEM_INFORMACAO,Ferrugem no Gabinete,Ferrugem no Gabinete
SEM_INFORMACAO,Ferrugem no Gabinete,Ferrugem no Gabinete
SEM_INFORMACAO,Ferrugem no Gabinete,Ferrugem no Gabinete
SEM_INFORMACAO,Ferrugem no Gabinete,Ferrugem no Gabinete
SEM_INFORMACAO,Ferrugem no Gabinete,Ferrugem no Gabinete
SEM_INFORMACAO,Ferrugem no Gabinete,Ferrugem no Gabinete
SEM_INFORMACAO,Ferrugem no Gabinete,Ferrugem no Gabinete
SEM_INFORMACAO,Ferrugem no Rack,Ferrugem no Rack
SEM_INFORMACAO,Ferrugem no Rack,Ferrugem no Rack
SEM_INFORMACAO,Ferrugem no Rack,Ferrugem no Rack
SEM_INFORMACAO,Ferrugem no Rack,Ferrugem no Rack
SEM_INFORMACAO,Ferrugem no Rack,Ferrugem no Rack
SEM_INFORMACAO,Ferrugem no Rack,Ferrugem no Rack
SEM_INFORMACAO,Ferrugem no Rack,Ferrugem no Rack
SEM_INFORMACAO,Ferrugem no Rack,Ferrugem no Rack
SEM_INFORMACAO,Filtro saturado,Filtro saturado
SEM_INFORMACAO,Filtro saturado,Filtro saturado
SEM_INFORMACAO,Filtro saturado,Filtro saturado
SEM_INFORMACAO,Filtro saturado,Filtro saturado
SEM_INFORMACAO,Filtro saturado,Filtro saturado
SEM_INFORMACAO,Filtro saturado,Filtro saturado
SEM_INFORMACAO,Filtro saturado,Filtro saturado
SEM_INFORMACAO,Filtro saturado,Filtro saturado
SEM_INFORMACAO,Filtro saturado,Filtro saturado
SEM_INFORMACAO,Filtro saturado,Filtro saturado
SEM_INFORMACAO,Filtro saturado,Filtro saturado
SEM_INFORMACAO,Filtro saturado,Filtro saturado
SEM_INFORMACAO,Fio com mau contato,Fio com mau contato
SEM_INFORMACAO,Fio com mau contato,Fio com mau contato
SEM_INFORMACAO,Fio com mau contato,Fio com mau contato
SEM_INFORMACAO,Fio com mau contato,Fio com mau contato
SEM_INFORMACAO,Luminoso quebrado,Luminoso quebrado
SEM_INFORMACAO,Luminoso quebrado,Luminoso quebrado
SEM_INFORMACAO,Luminoso quebrado,Luminoso quebrado
SEM_INFORMACAO,Luminoso quebrado,Luminoso quebrado
SEM_INFORMACAO,Micro com defeito,Micro com defeito
SEM_INFORMACAO,Micro com defeito,Micro com defeito
SEM_INFORMACAO,Micro com defeito,Micro com defeito
SEM_INFORMACAO,Micro com defeito,Micro com defeito
SEM_INFORMACAO,Motor do Agitador com defeito,Motor do Agitador com defeito
SEM_INFORMACAO,Motor do Agitador com defeito,Motor do Agitador com defeito
SEM_INFORMACAO,Motor do Agitador com defeito,Motor do Agitador com defeito
SEM_INFORMACAO,Motor do Agitador com defeito,Motor do Agitador com defeito
SEM_INFORMACAO,Não tem defeito,Não tem defeito
SEM_INFORMACAO,Não tem defeito,Não tem defeito
SEM_INFORMACAO,Não tem defeito,Não tem defeito
SEM_INFORMACAO,Não tem defeito,Não tem defeito
SEM_INFORMACAO,Não tem defeito,Não tem defeito
SEM_INFORMACAO,Não tem defeito,Não tem defeito
SEM_INFORMACAO,Não tem defeito,Não tem defeito
SEM_INFORMACAO,Não tem defeito,Não tem defeito
SEM_INFORMACAO,Outros,Outros
SEM_INFORMACAO,Outros,Outros
SEM_INFORMACAO,Outros,Outros
SEM_INFORMACAO,Outros,Outros
SEM_INFORMACAO,Peça em curto,Peça em curto
SEM_INFORMACAO,Peça em curto,Peça em curto
SEM_INFORMACAO,Peça em curto,Peça em curto
SEM_INFORMACAO,Peça em curto,Peça em curto
SEM_INFORMACAO,Peça quebrada,Peça quebrada
SEM_INFORMACAO,Peça quebrada,Peça quebrada
SEM_INFORMACAO,Peça quebrada,Peça quebrada
SEM_INFORMACAO,Peça quebrada,Peça quebrada
SEM_INFORMACAO,Peça quebrada,Peça quebrada
SEM_INFORMACAO,Peça quebrada,Peça quebrada
SEM_INFORMACAO,Peça quebrada,Peça quebrada
SEM_INFORMACAO,Peça quebrada,Peça quebrada
SEM_INFORMACAO,Peça queimada,Peça queimada
SEM_INFORMACAO,Peça queimada,Peça queimada
SEM_INFORMACAO,Peça queimada,Peça queimada
SEM_INFORMACAO,Peça queimada,Peça queimada
SEM_INFORMACAO,Peça queimada,Peça queimada
SEM_INFORMACAO,Peça queimada,Peça queimada
SEM_INFORMACAO,Peça queimada,Peça queimada
SEM_INFORMACAO,Peça queimada,Peça queimada
SEM_INFORMACAO,Peças funcional com problema,Peças funcional com problema
SEM_INFORMACAO,Peças funcional com problema,Peças funcional com problema
SEM_INFORMACAO,Peças funcional com problema,Peças funcional com problema
SEM_INFORMACAO,Peças funcional com problema,Peças funcional com problema
SEM_INFORMACAO,Plotagem Danificada/Rasgada,Plotagem Danificada/Rasgada
SEM_INFORMACAO,Plotagem Danificada/Rasgada,Plotagem Danificada/Rasgada
SEM_INFORMACAO,Plotagem Danificada/Rasgada,Plotagem Danificada/Rasgada
SEM_INFORMACAO,Plotagem Danificada/Rasgada,Plotagem Danificada/Rasgada
SEM_INFORMACAO,Porta do suco,Porta do suco
SEM_INFORMACAO,Porta do suco,Porta do suco
SEM_INFORMACAO,Porta do suco,Porta do suco
SEM_INFORMACAO,Porta do suco,Porta do suco
SEM_INFORMACAO,Porta do suco,Porta do suco
SEM_INFORMACAO,Porta do suco,Porta do suco
SEM_INFORMACAO,Porta do suco,Porta do suco
SEM_INFORMACAO,Porta do suco,Porta do suco
SEM_INFORMACAO,Porta do suco,Porta do suco
SEM_INFORMACAO,Porta do suco,Porta do suco
SEM_INFORMACAO,Porta do suco,Porta do suco
SEM_INFORMACAO,Porta do suco,Porta do suco
SEM_INFORMACAO,Produto -Chopp com mau cheiro,Produto -Chopp com mau cheiro
SEM_INFORMACAO,Produto -Chopp com mau cheiro,Produto -Chopp com mau cheiro
SEM_INFORMACAO,Produto -Chopp com mau cheiro,Produto -Chopp com mau cheiro
SEM_INFORMACAO,Produto -Chopp com mau cheiro,Produto -Chopp com mau cheiro
SEM_INFORMACAO,Produto com mau cheiro,Produto com mau cheiro
SEM_INFORMACAO,Produto com mau cheiro,Produto com mau cheiro
SEM_INFORMACAO,Produto com mau cheiro,Produto com mau cheiro
SEM_INFORMACAO,Produto com mau cheiro,Produto com mau cheiro
SEM_INFORMACAO,Sem defeito,Sem defeito
SEM_INFORMACAO,Sem defeito,Sem defeito
SEM_INFORMACAO,Sem defeito,Sem defeito
SEM_INFORMACAO,Sem defeito,Sem defeito
SEM_INFORMACAO,Sem defeito,Sem defeito
SEM_INFORMACAO,Sem defeito,Sem defeito
SEM_INFORMACAO,Sem defeito,Sem defeito
SEM_INFORMACAO,Sem defeito,Sem defeito
SEM_INFORMACAO,Sem defeito,Sem defeito
SEM_INFORMACAO,Sem defeito,Sem defeito
SEM_INFORMACAO,Sem defeito,Sem defeito
SEM_INFORMACAO,Sem defeito,Sem defeito
SEM_INFORMACAO,Sistema de Refrigeração,Sistema de Refrigeração
SEM_INFORMACAO,Sistema de Refrigeração,Sistema de Refrigeração
SEM_INFORMACAO,Sistema de Refrigeração,Sistema de Refrigeração
SEM_INFORMACAO,Sistema de Refrigeração,Sistema de Refrigeração
SEM_INFORMACAO,Sistema de Refrigeração,Sistema de Refrigeração
SEM_INFORMACAO,Sistema de Refrigeração,Sistema de Refrigeração
SEM_INFORMACAO,Sistema de Refrigeração,Sistema de Refrigeração
SEM_INFORMACAO,Sistema de Refrigeração,Sistema de Refrigeração
SEM_INFORMACAO,Sistema de Refrigeração,Sistema de Refrigeração
SEM_INFORMACAO,Sistema de Refrigeração,Sistema de Refrigeração
SEM_INFORMACAO,Sistema de Refrigeração,Sistema de Refrigeração
SEM_INFORMACAO,Sistema de Refrigeração,Sistema de Refrigeração
SEM_INFORMACAO,Sistema de Refrigeração,Sistema de Refrigeração
SEM_INFORMACAO,Sistema de Refrigeração,Sistema de Refrigeração
SEM_INFORMACAO,Sistema de Refrigeração,Sistema de Refrigeração
SEM_INFORMACAO,Sistema de Refrigeração,Sistema de Refrigeração
SEM_INFORMACAO,Sistema de água crua,Sistema de água crua
SEM_INFORMACAO,Sistema de água crua,Sistema de água crua
SEM_INFORMACAO,Sistema de água crua,Sistema de água crua
SEM_INFORMACAO,Sistema de água crua,Sistema de água crua
SEM_INFORMACAO,Sistema de água crua,Sistema de água crua
SEM_INFORMACAO,Sistema de água crua,Sistema de água crua
SEM_INFORMACAO,Sistema de água crua,Sistema de água crua
SEM_INFORMACAO,Sistema de água crua,Sistema de água crua
SEM_INFORMACAO,Sistema de água crua,Sistema de água crua
SEM_INFORMACAO,Sistema de água crua,Sistema de água crua
SEM_INFORMACAO,Sistema de água crua,Sistema de água crua
SEM_INFORMACAO,Sistema de água crua,Sistema de água crua
SEM_INFORMACAO,Sistema elétrico,Sistema elétrico
SEM_INFORMACAO,Sistema elétrico,Sistema elétrico
SEM_INFORMACAO,Sistema elétrico,Sistema elétrico
SEM_INFORMACAO,Sistema elétrico,Sistema elétrico
SEM_INFORMACAO,Tampa do gabinete amassado,Tampa do gabinete amassado
SEM_INFORMACAO,Tampa do gabinete amassado,Tampa do gabinete amassado
SEM_INFORMACAO,Tampa do gabinete amassado,Tampa do gabinete amassado
SEM_INFORMACAO,Tampa do gabinete amassado,Tampa do gabinete amassado
SEM_INFORMACAO,Tampa do gabinete amassado,Tampa do gabinete amassado
SEM_INFORMACAO,Tampa do gabinete amassado,Tampa do gabinete amassado
SEM_INFORMACAO,"Torre de abastecimento com problema, com falta de insumos","Torre de abastecimento com problema, com falta de insumos"
SEM_INFORMACAO,"Torre de abastecimento com problema, com falta de insumos","Torre de abastecimento com problema, com falta de insumos"
SEM_INFORMACAO,"Torre de abastecimento com problema, com falta de insumos","Torre de abastecimento com problema, com falta de insumos"
SEM_INFORMACAO,"Torre de abastecimento com problema, com falta de insumos","Torre de abastecimento com problema, com falta de insumos"
SEM_INFORMACAO,Troca de produto sem limpeza,Troca de produto sem limpeza
SEM_INFORMACAO,Troca de produto sem limpeza,Troca de produto sem limpeza
SEM_INFORMACAO,Troca de produto sem limpeza,Troca de produto sem limpeza
SEM_INFORMACAO,Troca de produto sem limpeza,Troca de produto sem limpeza
SEM_INFORMACAO,Valvula com defeito ou fechada,Valvula com defeito ou fechada
SEM_INFORMACAO,Valvula com defeito ou fechada,Valvula com defeito ou fechada
SEM_INFORMACAO,Valvula com defeito ou fechada,Valvula com defeito ou fechada
SEM_INFORMACAO,Valvula com defeito ou fechada,Valvula com defeito ou fechada
SEM_INFORMACAO,Valvula com defeito ou fechada,Valvula com defeito ou fechada
SEM_INFORMACAO,Valvula com defeito ou fechada,Valvula com defeito ou fechada
SEM_INFORMACAO,Valvula com defeito ou fechada,Valvula com defeito ou fechada
SEM_INFORMACAO,Valvula com defeito ou fechada,Valvula com defeito ou fechada
SEM_INFORMACAO,Valvula travada,Valvula travada
SEM_INFORMACAO,Valvula travada,Valvula travada
SEM_INFORMACAO,Valvula travada,Valvula travada
SEM_INFORMACAO,Valvula travada,Valvula travada
SEM_INFORMACAO,Vazamento na Linha de Chopp,Vazamento na Linha de Chopp
SEM_INFORMACAO,Vazamento na Linha de Chopp,Vazamento na Linha de Chopp
SEM_INFORMACAO,Vazamento na Linha de Chopp,Vazamento na Linha de Chopp
SEM_INFORMACAO,Vazamento na Linha de Chopp,Vazamento na Linha de Chopp
SEM_INFORMACAO,Vazamento na Linha de Chopp,Vazamento na Linha de Chopp
SEM_INFORMACAO,Vazamento na Linha de Chopp,Vazamento na Linha de Chopp
SEM_INFORMACAO,Vazamento na Linha de Xarope,Vazamento na Linha de Xarope
SEM_INFORMACAO,Vazamento na Linha de Xarope,Vazamento na Linha de Xarope
SEM_INFORMACAO,sistema desregulado,sistema desregulado
SEM_INFORMACAO,sistema desregulado,sistema desregulado
SEM_INFORMACAO,sistema desregulado,sistema desregulado
SEM_INFORMACAO,sistema desregulado,sistema desregulado
SEM_INFORMACAO,Análise do produto,Análise do produto
SEM_INFORMACAO,Análise do produto,Análise do produto
SEM_INFORMACAO,Análise do produto,Análise do produto
SEM_INFORMACAO,Análise do produto,Análise do produto
SEM_INFORMACAO,Análise do produto,Análise do produto
SEM_INFORMACAO,Análise do produto,Análise do produto
SEM_INFORMACAO,Análise do produto,Análise do produto
SEM_INFORMACAO,Análise do produto,Análise do produto
SEM_INFORMACAO,Análise do produto,Análise do produto
SEM_INFORMACAO,Análise do produto,Análise do produto
SEM_INFORMACAO,Análise do produto,Análise do produto
SEM_INFORMACAO,Análise do produto,Análise do produto
Instalação de equipamento,Não tem defeito,Não tem defeito
Instalação de equipamento,Não tem defeito,Não tem defeito
Instalação de equipamento,Não tem defeito,Não tem defeito
Instalação de equipamento,Não tem defeito,Não tem defeito
Instalação de equipamento,Não tem defeito,Não tem defeito
Instalação de equipamento,Não tem defeito,Não tem defeito
Desinstalação,Não tem defeito,Não tem defeito
Desinstalação,Não tem defeito,Não tem defeito
Desinstalação,Não tem defeito,Não tem defeito
Bloquear o funcionamento do equipamento,Não tem defeito,Não tem defeito
Bloquear o funcionamento do equipamento,Não tem defeito,Não tem defeito
Bloquear o funcionamento do equipamento,Não tem defeito,Não tem defeito
Bloquear o funcionamento do equipamento,Não tem defeito,Não tem defeito
Bloquear o funcionamento do equipamento,Não tem defeito,Não tem defeito
Bloquear o funcionamento do equipamento,Não tem defeito,Não tem defeito
Bloquear o funcionamento do equipamento,Contaminado,Contaminado
Bloquear o funcionamento do equipamento,Contaminado,Contaminado
Bloquear o funcionamento do equipamento,Contaminado,Contaminado
Bloquear o funcionamento do equipamento,Contaminado,Contaminado
Desbloquear o funcionamento do equipamento,Equipamento Reativado,Equipamento Reativado
Desbloquear o funcionamento do equipamento,Equipamento Reativado,Equipamento Reativado
Equipamento contaminado,Xaropé contaminado,Xaropé contaminado
Equipamento contaminado,Xaropé contaminado,Xaropé contaminado
Equipamento contaminado,Água tratada dentro do equipamento contaminada (pós Filtro),Água tratada dentro do equipamento contaminada (pós Filtro)
Equipamento contaminado,Água tratada dentro do equipamento contaminada (pós Filtro),Água tratada dentro do equipamento contaminada (pós Filtro)
Equipamento contaminado,Água da rede que alimenta o equipamento contaminada,Água da rede que alimenta o equipamento contaminada
Equipamento contaminado,Água da rede que alimenta o equipamento contaminada,Água da rede que alimenta o equipamento contaminada
Equipamento contaminado,Contaminado por motivo pragas,Contaminado por motivo pragas
Equipamento contaminado,Contaminado por motivo pragas,Contaminado por motivo pragas
Equipamento contaminado,Contaminado por motivo pragas,Contaminado por motivo pragas
Equipamento contaminado,Contaminado por motivo pragas,Contaminado por motivo pragas
Equipamento contaminado,"Contaminação cruzada (Gordura, mofos e etc...)","Contaminação cruzada (Gordura, mofos e etc...)"
Equipamento contaminado,"Contaminação cruzada (Gordura, mofos e etc...)","Contaminação cruzada (Gordura, mofos e etc...)"
SEM_INFORMACAO,Preventiva,Preventiva
SEM_INFORMACAO,Preventiva,Preventiva
SEM_INFORMACAO,Preventiva,Preventiva
SEM_INFORMACAO,Preventiva,Preventiva
SEM_INFORMACAO,Preventiva,Preventiva
SEM_INFORMACAO,Preventiva,Preventiva
SEM_INFORMACAO,Preventiva,Preventiva
SEM_INFORMACAO,Preventiva,Preventiva
SEM_INFORMACAO,Preventiva,Preventiva
SEM_INFORMACAO,Preventiva,Preventiva
SEM_INFORMACAO,Prateleira com defeito,Prateleira com defeito
SEM_INFORMACAO,Gabinete empenado,Gabinete empenado
Máquina não Liga/Desliga,,DESCRICAO_NAO_ENCONTRADA
Eqpto Desregulado,,DESCRICAO_NAO_ENCONTRADA
Máquina não dispensa bebidas,,DESCRICAO_NAO_ENCONTRADA
Torneira Pingando/Vazando,,DESCRICAO_NAO_ENCONTRADA
Gosto/Cheiro alterado na bebida,,DESCRICAO_NAO_ENCONTRADA
Topo/Backlight Quebrados,,DESCRICAO_NAO_ENCONTRADA
Veneziana/Rodízios Danificados,,DESCRICAO_NAO_ENCONTRADA
Puxadores Quebrados,,DESCRICAO_NAO_ENCONTRADA
Ventilador/Exaustor Quebrado,,DESCRICAO_NAO_ENCONTRADA
Consumindo Muita Energia,,DESCRICAO_NAO_ENCONTRADA
Cheiro de Queimado no Eqpto,,DESCRICAO_NAO_ENCONTRADA
Vazamentos em Geral,,DESCRICAO_NAO_ENCONTRADA
Porta Torta/Empenado,,DESCRICAO_NAO_ENCONTRADA
Superaquecimento,,DESCRICAO_NAO_ENCONTRADA
Sudação/Formação de Água,,DESCRICAO_NAO_ENCONTRADA
Peças Quebradas (Especificar),,DESCRICAO_NAO_ENCONTRADA
Nao Veda / Gaxeta Freezer,,DESCRICAO_NAO_ENCONTRADA
Eqpto não gela,,DESCRICAO_NAO_ENCONTRADA
Led/Lâmpada Queimada,,DESCRICAO_NAO_ENCONTRADA
Eqpto com Mau Cheiro,,DESCRICAO_NAO_ENCONTRADA
Eqpto Enferrujado,,DESCRICAO_NAO_ENCONTRADA
Eqpto Amassado/Riscado,,DESCRICAO_NAO_ENCONTRADA
Vazando Água/Xarope/Gás/Chopp,,DESCRICAO_NAO_ENCONTRADA
Só Sai Água/Xarope/Gás/Espuma,,DESCRICAO_NAO_ENCONTRADA
Resíduos na bebida,,DESCRICAO_NAO_ENCONTRADA
Bebida está congelando,,DESCRICAO_NAO_ENCONTRADA
Válvula/Torneira Quebrada,,DESCRICAO_NAO_ENCONTRADA
Plotagem Danificada/Rasgada,,DESCRICAO_NAO_ENCONTRADA
Carenagem Quebrada.,,DESCRICAO_NAO_ENCONTRADA
Eqpto dando Choque,,DESCRICAO_NAO_ENCONTRADA
Ruído/Barulho,,DESCRICAO_NAO_ENCONTRADA
Desloqueio de Equipamento,,DESCRICAO_NAO_ENCONTRADA
Bloqueio de Equipamento,,DESCRICAO_NAO_ENCONTRADA
Falha eletrica/Fio com mau contato,,DESCRICAO_NAO_ENCONTRADA
Formação de Gelo,,DESCRICAO_NAO_ENCONTRADA
Problemas com Controlador,,DESCRICAO_NAO_ENCONTRADA
Outros,,DESCRICAO_NAO_ENCONTRADA
Ordem de Piso,,DESCRICAO_NAO_ENCONTRADA
Ordem de Retrofit,,DESCRICAO_NAO_ENCONTRADA
Grades enferrujadas quebradas faltantes,,DESCRICAO_NAO_ENCONTRADA
Plug  Cabo de forca danificado,,DESCRICAO_NAO_ENCONTRADA
nao usar2,,DESCRICAO_NAO_ENCONTRADA
Dando choque,,DESCRICAO_NAO_ENCONTRADA
Plug  Cabo de forca danificado,,DESCRICAO_NAO_ENCONTRADA
Grades enferrujadas quebradas faltantes,,DESCRICAO_NAO_ENCONTRADA
Dando choque,,DESCRICAO_NAO_ENCONTRADA
Led queimado,,DESCRICAO_NAO_ENCONTRADA
Bloqueio no evaporador,,DESCRICAO_NAO_ENCONTRADA
Problema na resistencia,,DESCRICAO_NAO_ENCONTRADA
Troca Retirada,,DESCRICAO_NAO_ENCONTRADA
Retirada,,DESCRICAO_NAO_ENCONTRADA
Porta solta,,DESCRICAO_NAO_ENCONTRADA
Painel lumin. superior quebrado,,DESCRICAO_NAO_ENCONTRADA
CONTROLADOR,,DESCRICAO_NAO_ENCONTRADA
Troca de Concessão - Instalação,,DESCRICAO_NAO_ENCONTRADA
Retirada,,DESCRICAO_NAO_ENCONTRADA
Instalação - Eq. Semi novo,,DESCRICAO_NAO_ENCONTRADA
Puxador de porta quebrado,,DESCRICAO_NAO_ENCONTRADA
Porta solta,,DESCRICAO_NAO_ENCONTRADA
Não liga,,DESCRICAO_NAO_ENCONTRADA
Instalação - Eq. Semi novo,,DESCRICAO_NAO_ENCONTRADA
Dando choque,,DESCRICAO_NAO_ENCONTRADA
Saindo fumaça,,DESCRICAO_NAO_ENCONTRADA
Máquina não Liga/Desliga,,DESCRICAO_NAO_ENCONTRADA
Eqpto Desregulado,,DESCRICAO_NAO_ENCONTRADA
Porta suando,,DESCRICAO_NAO_ENCONTRADA
Porta com vidro quebrado,,DESCRICAO_NAO_ENCONTRADA
Ordem de Piso,,DESCRICAO_NAO_ENCONTRADA
Máquina não dispensa bebidas,,DESCRICAO_NAO_ENCONTRADA
Não gela,,DESCRICAO_NAO_ENCONTRADA
Instalacao Eq Novo,,DESCRICAO_NAO_ENCONTRADA
Evento - Retirada,,DESCRICAO_NAO_ENCONTRADA
Não liga.,,DESCRICAO_NAO_ENCONTRADA
Troca - Instalação,,DESCRICAO_NAO_ENCONTRADA
Puxador de porta quebrado,,DESCRICAO_NAO_ENCONTRADA
Troca Retirada,,DESCRICAO_NAO_ENCONTRADA
Termómetro digital,,DESCRICAO_NAO_ENCONTRADA
Porta com vidro quebrado,,DESCRICAO_NAO_ENCONTRADA
Não gela,,DESCRICAO_NAO_ENCONTRADA
Troca - Instalação,,DESCRICAO_NAO_ENCONTRADA
Protetor de lâmpada quebrado,,DESCRICAO_NAO_ENCONTRADA
Evento - Retirada,,DESCRICAO_NAO_ENCONTRADA
Lâmpada não acende,,DESCRICAO_NAO_ENCONTRADA
Não liga.,,DESCRICAO_NAO_ENCONTRADA
Troca - Retirada,,DESCRICAO_NAO_ENCONTRADA
Protetor de lâmpada quebrado,,DESCRICAO_NAO_ENCONTRADA
Não desliga,,DESCRICAO_NAO_ENCONTRADA
Torneira Pingando/Vazando,,DESCRICAO_NAO_ENCONTRADA
Evento - Instalação,,DESCRICAO_NAO_ENCONTRADA
Com ruído alto,,DESCRICAO_NAO_ENCONTRADA
Troca de Concessão - Retirada,,DESCRICAO_NAO_ENCONTRADA
Saindo fumaça,,DESCRICAO_NAO_ENCONTRADA
PISO,,DESCRICAO_NAO_ENCONTRADA
Troca de Concessão - Retirada,,DESCRICAO_NAO_ENCONTRADA
Saí faísca dos fios,,DESCRICAO_NAO_ENCONTRADA
Gosto/Cheiro alterado na bebida,,DESCRICAO_NAO_ENCONTRADA
Painel quebrado,,DESCRICAO_NAO_ENCONTRADA
Preventiva,,DESCRICAO_NAO_ENCONTRADA
Não desliga,,DESCRICAO_NAO_ENCONTRADA
Topo/Backlight Quebrados,,DESCRICAO_NAO_ENCONTRADA
Veneziana/Rodízios Danificados,,DESCRICAO_NAO_ENCONTRADA
Evento - Retirada,,DESCRICAO_NAO_ENCONTRADA
Com ruído alto,,DESCRICAO_NAO_ENCONTRADA
Troca de Concessão - Instalação,,DESCRICAO_NAO_ENCONTRADA
Troca de Concessão - Retirada,,DESCRICAO_NAO_ENCONTRADA
Troca de Concessão - Instalação,,DESCRICAO_NAO_ENCONTRADA
Vazamento de água,,DESCRICAO_NAO_ENCONTRADA
Saí faísca dos fios,,DESCRICAO_NAO_ENCONTRADA
Puxadores Quebrados,,DESCRICAO_NAO_ENCONTRADA
Ventilador/Exaustor Quebrado,,DESCRICAO_NAO_ENCONTRADA
Consumindo Muita Energia,,DESCRICAO_NAO_ENCONTRADA
Porta suando,,DESCRICAO_NAO_ENCONTRADA
Painel quebrado,,DESCRICAO_NAO_ENCONTRADA
Lâmpada não acende,,DESCRICAO_NAO_ENCONTRADA
Cheirando queimado,,DESCRICAO_NAO_ENCONTRADA
Troca de Concessão - Retirada,,DESCRICAO_NAO_ENCONTRADA
Evento - Retirada,,DESCRICAO_NAO_ENCONTRADA
Cheirando queimado,,DESCRICAO_NAO_ENCONTRADA
Outro.,,DESCRICAO_NAO_ENCONTRADA
Outro.,,DESCRICAO_NAO_ENCONTRADA
Fio com mau contato.,,DESCRICAO_NAO_ENCONTRADA
Fio com mau contato.,,DESCRICAO_NAO_ENCONTRADA
Choque.,,DESCRICAO_NAO_ENCONTRADA
Choque.,,DESCRICAO_NAO_ENCONTRADA
Ruído/barulho.,,DESCRICAO_NAO_ENCONTRADA
Cheiro de Queimado no Eqpto,,DESCRICAO_NAO_ENCONTRADA
Vazamentos em Geral,,DESCRICAO_NAO_ENCONTRADA
Porta Torta/Empenado,,DESCRICAO_NAO_ENCONTRADA
Censo,,DESCRICAO_NAO_ENCONTRADA
Com ruído alto,,DESCRICAO_NAO_ENCONTRADA
Borracha não veda,,DESCRICAO_NAO_ENCONTRADA
Ruído/barulho.,,DESCRICAO_NAO_ENCONTRADA
Lâmpada queimada.,,DESCRICAO_NAO_ENCONTRADA
Lâmpada queimada.,,DESCRICAO_NAO_ENCONTRADA
Não liga.,,DESCRICAO_NAO_ENCONTRADA
Não liga.,,DESCRICAO_NAO_ENCONTRADA
Porta não fecha.,,DESCRICAO_NAO_ENCONTRADA
Porta não fecha.,,DESCRICAO_NAO_ENCONTRADA
Excesso de gelo.,,DESCRICAO_NAO_ENCONTRADA
Superaquecimento,,DESCRICAO_NAO_ENCONTRADA
Sudação/Formação de Água,,DESCRICAO_NAO_ENCONTRADA
Ordem de Piso,,DESCRICAO_NAO_ENCONTRADA
Vazamento de água,,DESCRICAO_NAO_ENCONTRADA
Peças Quebradas (Especificar),,DESCRICAO_NAO_ENCONTRADA
Nao Veda / Gaxeta Freezer,,DESCRICAO_NAO_ENCONTRADA
Eqpto não gela,,DESCRICAO_NAO_ENCONTRADA
Borracha não veda,,DESCRICAO_NAO_ENCONTRADA
Led/Lâmpada Queimada,,DESCRICAO_NAO_ENCONTRADA
Censo,,DESCRICAO_NAO_ENCONTRADA
Porta com defeito,,DESCRICAO_NAO_ENCONTRADA
Lâmpada não acende,,DESCRICAO_NAO_ENCONTRADA
Equipamento sujo,,DESCRICAO_NAO_ENCONTRADA
Choque.,,DESCRICAO_NAO_ENCONTRADA
Congelando.,,DESCRICAO_NAO_ENCONTRADA
Não funciona,,DESCRICAO_NAO_ENCONTRADA
Preventiva,,DESCRICAO_NAO_ENCONTRADA
Não Gela,,DESCRICAO_NAO_ENCONTRADA
Choque,,DESCRICAO_NAO_ENCONTRADA
Grade quebrada/acrílico quebrado/painel quebrado,,DESCRICAO_NAO_ENCONTRADA
Choque,,DESCRICAO_NAO_ENCONTRADA
Congelando,,DESCRICAO_NAO_ENCONTRADA
Com ruído alto,,DESCRICAO_NAO_ENCONTRADA
Outros,,DESCRICAO_NAO_ENCONTRADA
Eqpto com Mau Cheiro,,DESCRICAO_NAO_ENCONTRADA
Excesso de gelo.,,DESCRICAO_NAO_ENCONTRADA
Eqpto Enferrujado,,DESCRICAO_NAO_ENCONTRADA
Eqpto Amassado/Riscado,,DESCRICAO_NAO_ENCONTRADA
Instalação - Eq. Semi novo,,DESCRICAO_NAO_ENCONTRADA
Sanitização,,DESCRICAO_NAO_ENCONTRADA
Evento - Instalação,,DESCRICAO_NAO_ENCONTRADA
PISO,,DESCRICAO_NAO_ENCONTRADA
Vazamento de água,,DESCRICAO_NAO_ENCONTRADA
Porta não fecha,,DESCRICAO_NAO_ENCONTRADA
Bandeja interna solta,,DESCRICAO_NAO_ENCONTRADA
Termómetro digital,,DESCRICAO_NAO_ENCONTRADA
Troca - Retirada,,DESCRICAO_NAO_ENCONTRADA
Troca de Concessão - Instalação,,DESCRICAO_NAO_ENCONTRADA
Retirada,,DESCRICAO_NAO_ENCONTRADA
Porta não fecha,,DESCRICAO_NAO_ENCONTRADA
Censo,,DESCRICAO_NAO_ENCONTRADA
Painel lumin. superior quebrado,,DESCRICAO_NAO_ENCONTRADA
Equipamento amassado,,DESCRICAO_NAO_ENCONTRADA
Borracha não veda,,DESCRICAO_NAO_ENCONTRADA
Bandeja interna solta,,DESCRICAO_NAO_ENCONTRADA
Instalação - Eq. Semi novo,,DESCRICAO_NAO_ENCONTRADA
Preventiva,,DESCRICAO_NAO_ENCONTRADA
Não liga,,DESCRICAO_NAO_ENCONTRADA
Instalacao Eq Novo,,DESCRICAO_NAO_ENCONTRADA
Equipamento amassado,,DESCRICAO_NAO_ENCONTRADA
Alto consumo de energia,,DESCRICAO_NAO_ENCONTRADA
Alto consumo de energia,,DESCRICAO_NAO_ENCONTRADA
Retirada,,DESCRICAO_NAO_ENCONTRADA
Lâmpada não acende,,DESCRICAO_NAO_ENCONTRADA
BAIXO RENDIMENTO,,DESCRICAO_NAO_ENCONTRADA
Lâmpada não acende,,DESCRICAO_NAO_ENCONTRADA
Lâmpada não acende,,DESCRICAO_NAO_ENCONTRADA
Sanitização,,DESCRICAO_NAO_ENCONTRADA
Outros,,DESCRICAO_NAO_ENCONTRADA
Grade quebrada/acrílico quebrado/painel quebrado,,DESCRICAO_NAO_ENCONTRADA
Com ruído alto,,DESCRICAO_NAO_ENCONTRADA
Choque,,DESCRICAO_NAO_ENCONTRADA
Preventiva,,DESCRICAO_NAO_ENCONTRADA
Choque.,,DESCRICAO_NAO_ENCONTRADA
Não funciona,,DESCRICAO_NAO_ENCONTRADA
Lâmpada não acende,,DESCRICAO_NAO_ENCONTRADA
Grades enferrujadas quebradas faltantes,,DESCRICAO_NAO_ENCONTRADA
Congelando,,DESCRICAO_NAO_ENCONTRADA
Porta com vidro quebrado,,DESCRICAO_NAO_ENCONTRADA
Porta com defeito,,DESCRICAO_NAO_ENCONTRADA
Troca do plug,,DESCRICAO_NAO_ENCONTRADA
Cheirando queimado,,DESCRICAO_NAO_ENCONTRADA
Botões de seleção com problema,,DESCRICAO_NAO_ENCONTRADA
Bandeja interna solta,,DESCRICAO_NAO_ENCONTRADA
Alto consumo de energia,,DESCRICAO_NAO_ENCONTRADA
Cheirando queimado,,DESCRICAO_NAO_ENCONTRADA
Equipamento sujo,,DESCRICAO_NAO_ENCONTRADA
Equipamento sujo,,DESCRICAO_NAO_ENCONTRADA
Borracha não veda,,DESCRICAO_NAO_ENCONTRADA
Louver quebrado,,DESCRICAO_NAO_ENCONTRADA
Sensor da porta com problemas,,DESCRICAO_NAO_ENCONTRADA
Vazamento interno de água,,DESCRICAO_NAO_ENCONTRADA
Carenagem quebrada,,DESCRICAO_NAO_ENCONTRADA
Com ruído alto,,DESCRICAO_NAO_ENCONTRADA
Censo,,DESCRICAO_NAO_ENCONTRADA
Vazamento de água,,DESCRICAO_NAO_ENCONTRADA
Porta não fecha,,DESCRICAO_NAO_ENCONTRADA
Não liga,,DESCRICAO_NAO_ENCONTRADA
Equipamento amassado,,DESCRICAO_NAO_ENCONTRADA
"Congelando,",,DESCRICAO_NAO_ENCONTRADA
Não funciona,,DESCRICAO_NAO_ENCONTRADA
Não gela,,DESCRICAO_NAO_ENCONTRADA
Bloqueio no evaporador,,DESCRICAO_NAO_ENCONTRADA
Congelando,,DESCRICAO_NAO_ENCONTRADA
Não Gela,,DESCRICAO_NAO_ENCONTRADA
Não gela,,DESCRICAO_NAO_ENCONTRADA
Não gela,,DESCRICAO_NAO_ENCONTRADA
Ordem de Piso,,DESCRICAO_NAO_ENCONTRADA
Ordem de Piso,,DESCRICAO_NAO_ENCONTRADA
Movimentação,,DESCRICAO_NAO_ENCONTRADA
Movimentação,,DESCRICAO_NAO_ENCONTRADA
Comissionamento,,DESCRICAO_NAO_ENCONTRADA
Comissionamento,,DESCRICAO_NAO_ENCONTRADA
Congelando,,DESCRICAO_NAO_ENCONTRADA
Ordem Reprocesso,,DESCRICAO_NAO_ENCONTRADA
Formação de Gelo,,DESCRICAO_NAO_ENCONTRADA
Formação de Gelo,,DESCRICAO_NAO_ENCONTRADA
Outros,,DESCRICAO_NAO_ENCONTRADA
Congelando,,DESCRICAO_NAO_ENCONTRADA
Ordem Reprocesso,,DESCRICAO_NAO_ENCONTRADA
Congelando,,DESCRICAO_NAO_ENCONTRADA
Formação de Gelo,,DESCRICAO_NAO_ENCONTRADA
Ordem Sucata,,DESCRICAO_NAO_ENCONTRADA
Outros,,DESCRICAO_NAO_ENCONTRADA
Sensor da porta com problemas,,DESCRICAO_NAO_ENCONTRADA
Carenagem quebrada,,DESCRICAO_NAO_ENCONTRADA
Louver quebrado,,DESCRICAO_NAO_ENCONTRADA
Vazando Água/Xarope/Gás/Chopp,,DESCRICAO_NAO_ENCONTRADA
Vazamento interno de água,,DESCRICAO_NAO_ENCONTRADA
Só Sai Água/Xarope/Gás/Espuma,,DESCRICAO_NAO_ENCONTRADA
Resíduos na bebida,,DESCRICAO_NAO_ENCONTRADA
Censo,,DESCRICAO_NAO_ENCONTRADA
Bebida está congelando,,DESCRICAO_NAO_ENCONTRADA
Válvula/Torneira Quebrada,,DESCRICAO_NAO_ENCONTRADA
Plotagem Danificada/Rasgada,,DESCRICAO_NAO_ENCONTRADA
Carenagem Quebrada.,,DESCRICAO_NAO_ENCONTRADA
Ruído/Barulho,,DESCRICAO_NAO_ENCONTRADA
Eqpto dando Choque,,DESCRICAO_NAO_ENCONTRADA
Desloqueio de Equipamento,,DESCRICAO_NAO_ENCONTRADA
Bloqueio de Equipamento,,DESCRICAO_NAO_ENCONTRADA
Falha eletrica/Fio com mau contato,,DESCRICAO_NAO_ENCONTRADA
Problemas com Controlador,,DESCRICAO_NAO_ENCONTRADA
Máquina não Liga/Desliga,,DESCRICAO_NAO_ENCONTRADA
Eqpto Desregulado,,DESCRICAO_NAO_ENCONTRADA
Máquina não dispensa bebidas,,DESCRICAO_NAO_ENCONTRADA
Torneira Pingando/Vazando,,DESCRICAO_NAO_ENCONTRADA
Gosto/Cheiro alterado na bebida,,DESCRICAO_NAO_ENCONTRADA
Topo/Backlight Quebrados,,DESCRICAO_NAO_ENCONTRADA
Veneziana/Rodízios Danificados,,DESCRICAO_NAO_ENCONTRADA
Puxadores Quebrados,,DESCRICAO_NAO_ENCONTRADA
Ventilador/Exaustor Quebrado,,DESCRICAO_NAO_ENCONTRADA
Consumindo Muita Energia,,DESCRICAO_NAO_ENCONTRADA
Cheiro de Queimado no Eqpto,,DESCRICAO_NAO_ENCONTRADA
Vazamentos em Geral,,DESCRICAO_NAO_ENCONTRADA
Porta Torta/Empenado,,DESCRICAO_NAO_ENCONTRADA
Superaquecimento,,DESCRICAO_NAO_ENCONTRADA
Sudação/Formação de Água,,DESCRICAO_NAO_ENCONTRADA
Peças Quebradas (Especificar),,DESCRICAO_NAO_ENCONTRADA
Nao Veda / Gaxeta Freezer,,DESCRICAO_NAO_ENCONTRADA
Eqpto não gela,,DESCRICAO_NAO_ENCONTRADA
Led/Lâmpada Queimada,,DESCRICAO_NAO_ENCONTRADA
Eqpto com Mau Cheiro,,DESCRICAO_NAO_ENCONTRADA
Eqpto Enferrujado,,DESCRICAO_NAO_ENCONTRADA
Eqpto Amassado/Riscado,,DESCRICAO_NAO_ENCONTRADA
Vazando Água/Xarope/Gás/Chopp,,DESCRICAO_NAO_ENCONTRADA
Só Sai Água/Xarope/Gás/Espuma,,DESCRICAO_NAO_ENCONTRADA
Resíduos na bebida,,DESCRICAO_NAO_ENCONTRADA
Bebida está congelando,,DESCRICAO_NAO_ENCONTRADA
Válvula/Torneira Quebrada,,DESCRICAO_NAO_ENCONTRADA
Ordem de Retrofit,,DESCRICAO_NAO_ENCONTRADA
Plotagem Danificada/Rasgada,,DESCRICAO_NAO_ENCONTRADA
Carenagem Quebrada.,,DESCRICAO_NAO_ENCONTRADA
Ruído/Barulho,,DESCRICAO_NAO_ENCONTRADA
Eqpto dando Choque,,DESCRICAO_NAO_ENCONTRADA
Desloqueio de Equipamento,,DESCRICAO_NAO_ENCONTRADA
Bloqueio de Equipamento,,DESCRICAO_NAO_ENCONTRADA
Falha eletrica/Fio com mau contato,,DESCRICAO_NAO_ENCONTRADA
Formação de Gelo,,DESCRICAO_NAO_ENCONTRADA
Problemas com Controlador,,DESCRICAO_NAO_ENCONTRADA
Outros,,DESCRICAO_NAO_ENCONTRADA
Máquina não Liga/Desliga,,DESCRICAO_NAO_ENCONTRADA
Eqpto Desregulado,,DESCRICAO_NAO_ENCONTRADA
Máquina não dispensa bebidas,,DESCRICAO_NAO_ENCONTRADA
Torneira Pingando/Vazando,,DESCRICAO_NAO_ENCONTRADA
Gosto/Cheiro alterado na bebida,,DESCRICAO_NAO_ENCONTRADA
Topo/Backlight Quebrados,,DESCRICAO_NAO_ENCONTRADA
Veneziana/Rodízios Danificados,,DESCRICAO_NAO_ENCONTRADA
Puxadores Quebrados,,DESCRICAO_NAO_ENCONTRADA
Ventilador/Exaustor Quebrado,,DESCRICAO_NAO_ENCONTRADA
Consumindo Muita Energia,,DESCRICAO_NAO_ENCONTRADA
Cheiro de Queimado no Eqpto,,DESCRICAO_NAO_ENCONTRADA
Vazamentos em Geral,,DESCRICAO_NAO_ENCONTRADA
Porta Torta/Empenado,,DESCRICAO_NAO_ENCONTRADA
Ordem de Retrofit,,DESCRICAO_NAO_ENCONTRADA
Lâmpada não acende,,DESCRICAO_NAO_ENCONTRADA
Dando choque,,DESCRICAO_NAO_ENCONTRADA
Resistência com defeito,,DESCRICAO_NAO_ENCONTRADA
Superaquecimento,,DESCRICAO_NAO_ENCONTRADA
Sudação/Formação de Água,,DESCRICAO_NAO_ENCONTRADA
Led queimado,,DESCRICAO_NAO_ENCONTRADA
Bloqueio no evaporador,,DESCRICAO_NAO_ENCONTRADA
Peças Quebradas (Especificar),,DESCRICAO_NAO_ENCONTRADA
Problema na resistencia,,DESCRICAO_NAO_ENCONTRADA
Outro.,,DESCRICAO_NAO_ENCONTRADA
Outro.,,DESCRICAO_NAO_ENCONTRADA
Fio com mau contato.,,DESCRICAO_NAO_ENCONTRADA
Fio com mau contato.,,DESCRICAO_NAO_ENCONTRADA
Choque.,,DESCRICAO_NAO_ENCONTRADA
Choque.,,DESCRICAO_NAO_ENCONTRADA
Ruído/barulho.,,DESCRICAO_NAO_ENCONTRADA
Nao Veda / Gaxeta Freezer,,DESCRICAO_NAO_ENCONTRADA
Eqpto não gela,,DESCRICAO_NAO_ENCONTRADA
Led/Lâmpada Queimada,,DESCRICAO_NAO_ENCONTRADA
Eqpto com Mau Cheiro,,DESCRICAO_NAO_ENCONTRADA
Eqpto Enferrujado,,DESCRICAO_NAO_ENCONTRADA
Eqpto Amassado/Riscado,,DESCRICAO_NAO_ENCONTRADA
Ruído/barulho.,,DESCRICAO_NAO_ENCONTRADA
Ordem Sucata,,DESCRICAO_NAO_ENCONTRADA
Defeito Post Mix Ambev,,DESCRICAO_NAO_ENCONTRADA
Lâmpada queimada.,,DESCRICAO_NAO_ENCONTRADA
Defeito Post Mix Ambev,,DESCRICAO_NAO_ENCONTRADA
Lâmpada queimada.,,DESCRICAO_NAO_ENCONTRADA
Não liga.,,DESCRICAO_NAO_ENCONTRADA
Não liga.,,DESCRICAO_NAO_ENCONTRADA
Porta não fecha.,,DESCRICAO_NAO_ENCONTRADA
Porta não fecha.,,DESCRICAO_NAO_ENCONTRADA
Excesso de gelo.,,DESCRICAO_NAO_ENCONTRADA
Excesso de gelo.,,DESCRICAO_NAO_ENCONTRADA
CONTROLADOR,,DESCRICAO_NAO_ENCONTRADA
Não gela,,DESCRICAO_NAO_ENCONTRADA
Não gela,,DESCRICAO_NAO_ENCONTRADA
Lâmpada não acende,,DESCRICAO_NAO_ENCONTRADA
Sensor da porta com problemas,,DESCRICAO_NAO_ENCONTRADA
Carenagem quebrada,,DESCRICAO_NAO_ENCONTRADA
Louver quebrado,,DESCRICAO_NAO_ENCONTRADA
Vazamento interno de água,,DESCRICAO_NAO_ENCONTRADA
Congelando,,DESCRICAO_NAO_ENCONTRADA
Censo,,DESCRICAO_NAO_ENCONTRADA
BAIXO RENDIMENTO,,DESCRICAO_NAO_ENCONTRADA
Lâmpada não acende,,DESCRICAO_NAO_ENCONTRADA
Lâmpada não acende,,DESCRICAO_NAO_ENCONTRADA
Porta Torta/Empenado,,DESCRICAO_NAO_ENCONTRADA
Censo,,DESCRICAO_NAO_ENCONTRADA
Vazamentos em Geral,,DESCRICAO_NAO_ENCONTRADA
Cheiro de Queimado no Eqpto,,DESCRICAO_NAO_ENCONTRADA
Consumindo Muita Energia,,DESCRICAO_NAO_ENCONTRADA
Ventilador/Exaustor Quebrado,,DESCRICAO_NAO_ENCONTRADA
Puxadores Quebrados,,DESCRICAO_NAO_ENCONTRADA
Veneziana/Rodízios Danificados,,DESCRICAO_NAO_ENCONTRADA
Topo/Backlight Quebrados,,DESCRICAO_NAO_ENCONTRADA
Gosto/Cheiro alterado na bebida,,DESCRICAO_NAO_ENCONTRADA
Torneira Pingando/Vazando,,DESCRICAO_NAO_ENCONTRADA
Máquina não dispensa bebidas,,DESCRICAO_NAO_ENCONTRADA
Eqpto Desregulado,,DESCRICAO_NAO_ENCONTRADA
Máquina não Liga/Desliga,,DESCRICAO_NAO_ENCONTRADA
Outros,,DESCRICAO_NAO_ENCONTRADA
Problemas com Controlador,,DESCRICAO_NAO_ENCONTRADA
Formação de Gelo,,DESCRICAO_NAO_ENCONTRADA
Falha eletrica/Fio com mau contato,,DESCRICAO_NAO_ENCONTRADA
Bloqueio de Equipamento,,DESCRICAO_NAO_ENCONTRADA
Desloqueio de Equipamento,,DESCRICAO_NAO_ENCONTRADA
Ruído/Barulho,,DESCRICAO_NAO_ENCONTRADA
Eqpto dando Choque,,DESCRICAO_NAO_ENCONTRADA
Carenagem Quebrada.,,DESCRICAO_NAO_ENCONTRADA
Plotagem Danificada/Rasgada,,DESCRICAO_NAO_ENCONTRADA
Válvula/Torneira Quebrada,,DESCRICAO_NAO_ENCONTRADA
Bebida está congelando,,DESCRICAO_NAO_ENCONTRADA
Resíduos na bebida,,DESCRICAO_NAO_ENCONTRADA
Só Sai Água/Xarope/Gás/Espuma,,DESCRICAO_NAO_ENCONTRADA
Vazando Água/Xarope/Gás/Chopp,,DESCRICAO_NAO_ENCONTRADA
Dando choque,,DESCRICAO_NAO_ENCONTRADA
Superaquecimento,,DESCRICAO_NAO_ENCONTRADA
Sudação/Formação de Água,,DESCRICAO_NAO_ENCONTRADA
Peças Quebradas (Especificar),,DESCRICAO_NAO_ENCONTRADA
Nao Veda / Gaxeta Freezer,,DESCRICAO_NAO_ENCONTRADA
Eqpto não gela,,DESCRICAO_NAO_ENCONTRADA
Led/Lâmpada Queimada,,DESCRICAO_NAO_ENCONTRADA
Eqpto com Mau Cheiro,,DESCRICAO_NAO_ENCONTRADA
Eqpto Enferrujado,,DESCRICAO_NAO_ENCONTRADA
Eqpto Amassado/Riscado,,DESCRICAO_NAO_ENCONTRADA
Vazando Água/Xarope/Gás/Chopp,,DESCRICAO_NAO_ENCONTRADA
Só Sai Água/Xarope/Gás/Espuma,,DESCRICAO_NAO_ENCONTRADA
Resíduos na bebida,,DESCRICAO_NAO_ENCONTRADA
Bebida está congelando,,DESCRICAO_NAO_ENCONTRADA
Válvula/Torneira Quebrada,,DESCRICAO_NAO_ENCONTRADA
Plotagem Danificada/Rasgada,,DESCRICAO_NAO_ENCONTRADA
Carenagem Quebrada.,,DESCRICAO_NAO_ENCONTRADA
Eqpto dando Choque,,DESCRICAO_NAO_ENCONTRADA
Ruído/Barulho,,DESCRICAO_NAO_ENCONTRADA
Desloqueio de Equipamento,,DESCRICAO_NAO_ENCONTRADA
Bloqueio de Equipamento,,DESCRICAO_NAO_ENCONTRADA
Falha eletrica/Fio com mau contato,,DESCRICAO_NAO_ENCONTRADA
Formação de Gelo,,DESCRICAO_NAO_ENCONTRADA
Problemas com Controlador,,DESCRICAO_NAO_ENCONTRADA
Outros,,DESCRICAO_NAO_ENCONTRADA
Máquina não Liga/Desliga,,DESCRICAO_NAO_ENCONTRADA
Eqpto Desregulado,,DESCRICAO_NAO_ENCONTRADA
Engole notas,,DESCRICAO_NAO_ENCONTRADA
Não gela,,DESCRICAO_NAO_ENCONTRADA
Equipamento acumulando leituras,,DESCRICAO_NAO_ENCONTRADA
Equipamento foi vandalizado,,DESCRICAO_NAO_ENCONTRADA
Não aceita notas,,DESCRICAO_NAO_ENCONTRADA
Liberando troco errado,,DESCRICAO_NAO_ENCONTRADA
Troca Retirada,,DESCRICAO_NAO_ENCONTRADA
Instalacao Eq Novo,,DESCRICAO_NAO_ENCONTRADA
Nota presa,,DESCRICAO_NAO_ENCONTRADA
Moedas e ficha passando direto,,DESCRICAO_NAO_ENCONTRADA
Porta não fecha,,DESCRICAO_NAO_ENCONTRADA
Aceitando moedas falsas,,DESCRICAO_NAO_ENCONTRADA
Equipamento não fornece leitura,,DESCRICAO_NAO_ENCONTRADA
Não libera produto,,DESCRICAO_NAO_ENCONTRADA
Indicad de sabor em mau estado,,DESCRICAO_NAO_ENCONTRADA
Programar preço,,DESCRICAO_NAO_ENCONTRADA
Botões de seleção com problema,,DESCRICAO_NAO_ENCONTRADA
Laudo técnico,,DESCRICAO_NAO_ENCONTRADA
Programação de canaletas,,DESCRICAO_NAO_ENCONTRADA
Congelando.,,DESCRICAO_NAO_ENCONTRADA
Porta não abre,,DESCRICAO_NAO_ENCONTRADA
Liberando produto a maior,,DESCRICAO_NAO_ENCONTRADA
Alto consumo de energia,,DESCRICAO_NAO_ENCONTRADA
Display com defeito,,DESCRICAO_NAO_ENCONTRADA
Lâmpada não acende,,DESCRICAO_NAO_ENCONTRADA
Engole moedas,,DESCRICAO_NAO_ENCONTRADA
Engole ficha,,DESCRICAO_NAO_ENCONTRADA
Troca Instalacao,,DESCRICAO_NAO_ENCONTRADA
Troca Instalacao,,DESCRICAO_NAO_ENCONTRADA
Retirada,,DESCRICAO_NAO_ENCONTRADA
Ordem de Piso,,DESCRICAO_NAO_ENCONTRADA
Máquina não dispensa bebidas,,DESCRICAO_NAO_ENCONTRADA
Torneira Pingando/Vazando,,DESCRICAO_NAO_ENCONTRADA
Gosto/Cheiro alterado na bebida,,DESCRICAO_NAO_ENCONTRADA
Topo/Backlight Quebrados,,DESCRICAO_NAO_ENCONTRADA
Veneziana/Rodízios Danificados,,DESCRICAO_NAO_ENCONTRADA
Puxadores Quebrados,,DESCRICAO_NAO_ENCONTRADA
Ventilador/Exaustor Quebrado,,DESCRICAO_NAO_ENCONTRADA
Consumindo Muita Energia,,DESCRICAO_NAO_ENCONTRADA
Cheiro de Queimado no Eqpto,,DESCRICAO_NAO_ENCONTRADA
Vazamentos em Geral,,DESCRICAO_NAO_ENCONTRADA
Porta Torta/Empenado,,DESCRICAO_NAO_ENCONTRADA
Superaquecimento,,DESCRICAO_NAO_ENCONTRADA
Sudação/Formação de Água,,DESCRICAO_NAO_ENCONTRADA
Peças Quebradas (Especificar),,DESCRICAO_NAO_ENCONTRADA
Nao Veda / Gaxeta Freezer,,DESCRICAO_NAO_ENCONTRADA
Eqpto não gela,,DESCRICAO_NAO_ENCONTRADA
Led/Lâmpada Queimada,,DESCRICAO_NAO_ENCONTRADA
Eqpto com Mau Cheiro,,DESCRICAO_NAO_ENCONTRADA
Eqpto Enferrujado,,DESCRICAO_NAO_ENCONTRADA
Eqpto Amassado/Riscado,,DESCRICAO_NAO_ENCONTRADA
Não gela,,DESCRICAO_NAO_ENCONTRADA
Não gela,,DESCRICAO_NAO_ENCONTRADA
Não Gela,,DESCRICAO_NAO_ENCONTRADA
Congelando,,DESCRICAO_NAO_ENCONTRADA
Com ruído alto,,DESCRICAO_NAO_ENCONTRADA
Grade quebrada/acrílico quebrado/painel quebrado,,DESCRICAO_NAO_ENCONTRADA
Outros,,DESCRICAO_NAO_ENCONTRADA
Não gela,,DESCRICAO_NAO_ENCONTRADA
Bloqueio no evaporador,,DESCRICAO_NAO_ENCONTRADA
Não gela,,DESCRICAO_NAO_ENCONTRADA
"Congelando,",,DESCRICAO_NAO_ENCONTRADA
Alto consumo de energia,,DESCRICAO_NAO_ENCONTRADA
Equipamento amassado,,DESCRICAO_NAO_ENCONTRADA
Lâmpada não acende,,DESCRICAO_NAO_ENCONTRADA
Não liga,,DESCRICAO_NAO_ENCONTRADA
Vazamento de água,,DESCRICAO_NAO_ENCONTRADA
Equipamento sujo,,DESCRICAO_NAO_ENCONTRADA
Display com defeito,,DESCRICAO_NAO_ENCONTRADA
Não funciona,,DESCRICAO_NAO_ENCONTRADA
Evento - Instalação,,DESCRICAO_NAO_ENCONTRADA
Grades enferrujadas quebradas faltantes,,DESCRICAO_NAO_ENCONTRADA
Plug  Cabo de forca danificado,,DESCRICAO_NAO_ENCONTRADA
Porta com vidro quebrado,,DESCRICAO_NAO_ENCONTRADA
Problema na resistencia,,DESCRICAO_NAO_ENCONTRADA
Retirada,,DESCRICAO_NAO_ENCONTRADA
Troca do plug,,DESCRICAO_NAO_ENCONTRADA
Censo,,DESCRICAO_NAO_ENCONTRADA
Movimentação,,DESCRICAO_NAO_ENCONTRADA
Sabor alterado,,DESCRICAO_NAO_ENCONTRADA
Ligar Bag in box,,DESCRICAO_NAO_ENCONTRADA
Equipamento sujo,,DESCRICAO_NAO_ENCONTRADA
Data de Mnt Preventiva expirad,,DESCRICAO_NAO_ENCONTRADA
Retirada,,DESCRICAO_NAO_ENCONTRADA
Lâmpada não acende,,DESCRICAO_NAO_ENCONTRADA
"Congelando,",,DESCRICAO_NAO_ENCONTRADA
Vazamento de água,,DESCRICAO_NAO_ENCONTRADA
Retirada,,DESCRICAO_NAO_ENCONTRADA
Ligar Barril,,DESCRICAO_NAO_ENCONTRADA
Com ruído alto,,DESCRICAO_NAO_ENCONTRADA
Produto Espumando,,DESCRICAO_NAO_ENCONTRADA
Instalação - Eq. Semi novo,,DESCRICAO_NAO_ENCONTRADA
Cheirando queimado,,DESCRICAO_NAO_ENCONTRADA
Vazamento CO²,,DESCRICAO_NAO_ENCONTRADA
Troca Instalacao,,DESCRICAO_NAO_ENCONTRADA
Tampa / Gabinete quebrado,,DESCRICAO_NAO_ENCONTRADA
Instalação - Eq. Semi novo,,DESCRICAO_NAO_ENCONTRADA
Não sai produto,,DESCRICAO_NAO_ENCONTRADA
Troca - Retirada,,DESCRICAO_NAO_ENCONTRADA
Não sai agua,,DESCRICAO_NAO_ENCONTRADA
Não gela,,DESCRICAO_NAO_ENCONTRADA
Instalacao Eq Novo,,DESCRICAO_NAO_ENCONTRADA
Troca - Retirada,,DESCRICAO_NAO_ENCONTRADA
Não gaseifica,,DESCRICAO_NAO_ENCONTRADA
Não desliga,,DESCRICAO_NAO_ENCONTRADA
Evento - Retirada,,DESCRICAO_NAO_ENCONTRADA
Sanitização,,DESCRICAO_NAO_ENCONTRADA
Desrregulado,,DESCRICAO_NAO_ENCONTRADA
Bag com defeito,,DESCRICAO_NAO_ENCONTRADA
Troca Instalacao,,DESCRICAO_NAO_ENCONTRADA
Troca de Concessão - Retirada,,DESCRICAO_NAO_ENCONTRADA
Não funciona,,DESCRICAO_NAO_ENCONTRADA
Troca de Concessão - Retirada,,DESCRICAO_NAO_ENCONTRADA
Instalacao Eq Novo,,DESCRICAO_NAO_ENCONTRADA
Evento - Instalação,,DESCRICAO_NAO_ENCONTRADA
Troca de Concessão - Instalação,,DESCRICAO_NAO_ENCONTRADA
Evento - Retirada,,DESCRICAO_NAO_ENCONTRADA
Evento - Instalação,,DESCRICAO_NAO_ENCONTRADA
Troca de Concessão - Instalação,,DESCRICAO_NAO_ENCONTRADA
Ordem Reprocesso,,DESCRICAO_NAO_ENCONTRADA
Ordem de Piso,,DESCRICAO_NAO_ENCONTRADA
Vazando Água/Xarope/Gás/Chopp,,DESCRICAO_NAO_ENCONTRADA
Só Sai Água/Xarope/Gás/Espuma,,DESCRICAO_NAO_ENCONTRADA
Resíduos na bebida,,DESCRICAO_NAO_ENCONTRADA
Bebida está congelando,,DESCRICAO_NAO_ENCONTRADA
Válvula/Torneira Quebrada,,DESCRICAO_NAO_ENCONTRADA
Plotagem Danificada/Rasgada,,DESCRICAO_NAO_ENCONTRADA
Carenagem Quebrada.,,DESCRICAO_NAO_ENCONTRADA
Eqpto dando Choque,,DESCRICAO_NAO_ENCONTRADA
Ruído/Barulho,,DESCRICAO_NAO_ENCONTRADA
Desloqueio de Equipamento,,DESCRICAO_NAO_ENCONTRADA
Bloqueio de Equipamento,,DESCRICAO_NAO_ENCONTRADA
Falha eletrica/Fio com mau contato,,DESCRICAO_NAO_ENCONTRADA
Formação de Gelo,,DESCRICAO_NAO_ENCONTRADA
Problemas com Controlador,,DESCRICAO_NAO_ENCONTRADA
Outros,,DESCRICAO_NAO_ENCONTRADA